2026-07-26 00:26:52.967 Uvicorn server started on :::8502

  You can now view your Streamlit app in your browser.

  Local URL: http://localhost:8502
  Network URL: http://172.31.97.137:8502

✅ Supabase Connected Successfully!
[VECTORSTORE] Loaded in 0.045s
Loaded 13 documents
{'source': '/Users/bhuvanachandra/Desktop/iitj_chat_bot/iitj_v1/data/data_iitj/IITJ_RAG_Document_Plan.docx'}
{'source': '/Users/bhuvanachandra/Desktop/iitj_chat_bot/iitj_v1/data/data_iitj/Document_2_Academics_Programmes_Schools_Part1.docx'}
{'source': '/Users/bhuvanachandra/Desktop/iitj_chat_bot/iitj_v1/data/data_iitj/Document_1_IITJ_Knowledge_Base.docx'}
{'source': '/Users/bhuvanachandra/Desktop/iitj_chat_bot/iitj_v1/data/data_iitj/Document_8_Policies_and_Regulations.docx'}
{'source': '/Users/bhuvanachandra/Desktop/iitj_chat_bot/iitj_v1/data/data_iitj/Doc 10_ IIT Jodhpur Admissions & Fee Guide.docx'}
{'source': '/Users/bhuvanachandra/Desktop/iitj_chat_bot/iitj_v1/data/data_iitj/Document_6_Research_Innovation_and_Labs.docx'}
{'source': '/Users/bhuvanachandra/Desktop/iitj_chat_bot/iitj_v1/data/data_iitj/DOCiitj  9.docx'}
{'source': '/Users/bhuvanachandra/Desktop/iitj_chat_bot/iitj_v1/data/data_iitj/Document_4_Campus_Life_and_Facilities.docx'}
{'source': '/Users/bhuvanachandra/Desktop/iitj_chat_bot/iitj_v1/data/data_iitj/Document_2_Academics_Full.docx'}
{'source': '/Users/bhuvanachandra/Desktop/iitj_chat_bot/iitj_v1/data/data_iitj/DOC 11- IIT Jodhpur Hostel and Campus Facilities Guide.docx'}
{'source': '/Users/bhuvanachandra/Desktop/iitj_chat_bot/iitj_v1/data/data_iitj/Document_5_Student_Life_Clubs_and_Festivals.docx'}
{'source': '/Users/bhuvanachandra/Desktop/iitj_chat_bot/iitj_v1/data/data_iitj/Document_3_Departments_and_Schools.docx'}
{'source': '/Users/bhuvanachandra/Desktop/iitj_chat_bot/iitj_v1/data/data_iitj/Document_7_Placements_Career_and_Alumni.docx'}
Documents loaded: 0.03s
Created 84 chunks
Documents split: 0.00s
BM25 built: 0.00s
Dense retriever: 0.00s
INFO:root:Graph created
2026-07-26 00:26:58.149 Examining the path of transformers.models.aria.image_processing_aria_fast raised:
Traceback (most recent call last):
  File "/Users/bhuvanachandra/Desktop/iitj_chat_bot/.iitj/lib/python3.13/site-packages/streamlit/watcher/local_sources_watcher.py", line 330, in get_module_paths
    potential_paths = extract_paths(module)
  File "/Users/bhuvanachandra/Desktop/iitj_chat_bot/.iitj/lib/python3.13/site-packages/streamlit/watcher/local_sources_watcher.py", line 317, in <lambda>
    if hasattr(m, "__path__")
       ~~~~~~~^^^^^^^^^^^^^^^
  File "/Users/bhuvanachandra/Desktop/iitj_chat_bot/.iitj/lib/python3.13/site-packages/transformers/__init__.py", line 862, in _getattr
    return getattr(importlib.import_module(target, __name__), name)
                   ~~~~~~~~~~~~~~~~~~~~~~~^^^^^^^^^^^^^^^^^^
  File "/opt/homebrew/Caskroom/miniconda/base/lib/python3.13/importlib/__init__.py", line 88, in import_module
    return _bootstrap._gcd_import(name[level:], package, level)
           ~~~~~~~~~~~~~~~~~~~~~~^^^^^^^^^^^^^^^^^^^^^^^^^^^^^^
  File "<frozen importlib._bootstrap>", line 1387, in _gcd_import
  File "<frozen importlib._bootstrap>", line 1360, in _find_and_load
  File "<frozen importlib._bootstrap>", line 1331, in _find_and_load_unlocked
  File "<frozen importlib._bootstrap>", line 935, in _load_unlocked
  File "<frozen importlib._bootstrap_external>", line 1023, in exec_module
  File "<frozen importlib._bootstrap>", line 488, in _call_with_frames_removed
  File "/Users/bhuvanachandra/Desktop/iitj_chat_bot/.iitj/lib/python3.13/site-packages/transformers/models/aria/image_processing_aria.py", line 23, in <module>
    from torchvision.transforms.v2 import functional as tvF
ModuleNotFoundError: No module named 'torchvision'
2026-07-26 00:26:58.152 Examining the path of transformers.models.beit.image_processing_beit_fast raised:
Traceback (most recent call last):
  File "/Users/bhuvanachandra/Desktop/iitj_chat_bot/.iitj/lib/python3.13/site-packages/streamlit/watcher/local_sources_watcher.py", line 330, in get_module_paths
    potential_paths = extract_paths(module)
  File "/Users/bhuvanachandra/Desktop/iitj_chat_bot/.iitj/lib/python3.13/site-packages/streamlit/watcher/local_sources_watcher.py", line 317, in <lambda>
    if hasattr(m, "__path__")
       ~~~~~~~^^^^^^^^^^^^^^^
  File "/Users/bhuvanachandra/Desktop/iitj_chat_bot/.iitj/lib/python3.13/site-packages/transformers/__init__.py", line 862, in _getattr
    return getattr(importlib.import_module(target, __name__), name)
                   ~~~~~~~~~~~~~~~~~~~~~~~^^^^^^^^^^^^^^^^^^
  File "/opt/homebrew/Caskroom/miniconda/base/lib/python3.13/importlib/__init__.py", line 88, in import_module
    return _bootstrap._gcd_import(name[level:], package, level)
           ~~~~~~~~~~~~~~~~~~~~~~^^^^^^^^^^^^^^^^^^^^^^^^^^^^^^
  File "<frozen importlib._bootstrap>", line 1387, in _gcd_import
  File "<frozen importlib._bootstrap>", line 1360, in _find_and_load
  File "<frozen importlib._bootstrap>", line 1331, in _find_and_load_unlocked
  File "<frozen importlib._bootstrap>", line 935, in _load_unlocked
  File "<frozen importlib._bootstrap_external>", line 1023, in exec_module
  File "<frozen importlib._bootstrap>", line 488, in _call_with_frames_removed
  File "/Users/bhuvanachandra/Desktop/iitj_chat_bot/.iitj/lib/python3.13/site-packages/transformers/models/beit/image_processing_beit.py", line 20, in <module>
    from torchvision.transforms.v2 import functional as tvF
ModuleNotFoundError: No module named 'torchvision'
2026-07-26 00:26:58.160 Examining the path of transformers.models.bridgetower.image_processing_bridgetower_fast raised:
Traceback (most recent call last):
  File "/Users/bhuvanachandra/Desktop/iitj_chat_bot/.iitj/lib/python3.13/site-packages/streamlit/watcher/local_sources_watcher.py", line 330, in get_module_paths
    potential_paths = extract_paths(module)
  File "/Users/bhuvanachandra/Desktop/iitj_chat_bot/.iitj/lib/python3.13/site-packages/streamlit/watcher/local_sources_watcher.py", line 317, in <lambda>
    if hasattr(m, "__path__")
       ~~~~~~~^^^^^^^^^^^^^^^
  File "/Users/bhuvanachandra/Desktop/iitj_chat_bot/.iitj/lib/python3.13/site-packages/transformers/__init__.py", line 862, in _getattr
    return getattr(importlib.import_module(target, __name__), name)
                   ~~~~~~~~~~~~~~~~~~~~~~~^^^^^^^^^^^^^^^^^^
  File "/opt/homebrew/Caskroom/miniconda/base/lib/python3.13/importlib/__init__.py", line 88, in import_module
    return _bootstrap._gcd_import(name[level:], package, level)
           ~~~~~~~~~~~~~~~~~~~~~~^^^^^^^^^^^^^^^^^^^^^^^^^^^^^^
  File "<frozen importlib._bootstrap>", line 1387, in _gcd_import
  File "<frozen importlib._bootstrap>", line 1360, in _find_and_load
  File "<frozen importlib._bootstrap>", line 1331, in _find_and_load_unlocked
  File "<frozen importlib._bootstrap>", line 935, in _load_unlocked
  File "<frozen importlib._bootstrap_external>", line 1023, in exec_module
  File "<frozen importlib._bootstrap>", line 488, in _call_with_frames_removed
  File "/Users/bhuvanachandra/Desktop/iitj_chat_bot/.iitj/lib/python3.13/site-packages/transformers/models/bridgetower/image_processing_bridgetower.py", line 20, in <module>
    from torchvision.transforms.v2 import functional as tvF
ModuleNotFoundError: No module named 'torchvision'
2026-07-26 00:26:58.164 Examining the path of transformers.models.chmv2.image_processing_chmv2_fast raised:
Traceback (most recent call last):
  File "/Users/bhuvanachandra/Desktop/iitj_chat_bot/.iitj/lib/python3.13/site-packages/streamlit/watcher/local_sources_watcher.py", line 330, in get_module_paths
    potential_paths = extract_paths(module)
  File "/Users/bhuvanachandra/Desktop/iitj_chat_bot/.iitj/lib/python3.13/site-packages/streamlit/watcher/local_sources_watcher.py", line 317, in <lambda>
    if hasattr(m, "__path__")
       ~~~~~~~^^^^^^^^^^^^^^^
  File "/Users/bhuvanachandra/Desktop/iitj_chat_bot/.iitj/lib/python3.13/site-packages/transformers/__init__.py", line 862, in _getattr
    return getattr(importlib.import_module(target, __name__), name)
                   ~~~~~~~~~~~~~~~~~~~~~~~^^^^^^^^^^^^^^^^^^
  File "/opt/homebrew/Caskroom/miniconda/base/lib/python3.13/importlib/__init__.py", line 88, in import_module
    return _bootstrap._gcd_import(name[level:], package, level)
           ~~~~~~~~~~~~~~~~~~~~~~^^^^^^^^^^^^^^^^^^^^^^^^^^^^^^
  File "<frozen importlib._bootstrap>", line 1387, in _gcd_import
  File "<frozen importlib._bootstrap>", line 1360, in _find_and_load
  File "<frozen importlib._bootstrap>", line 1331, in _find_and_load_unlocked
  File "<frozen importlib._bootstrap>", line 935, in _load_unlocked
  File "<frozen importlib._bootstrap_external>", line 1023, in exec_module
  File "<frozen importlib._bootstrap>", line 488, in _call_with_frames_removed
  File "/Users/bhuvanachandra/Desktop/iitj_chat_bot/.iitj/lib/python3.13/site-packages/transformers/models/chmv2/image_processing_chmv2.py", line 27, in <module>
    from torchvision.transforms.v2 import functional as tvF
ModuleNotFoundError: No module named 'torchvision'
2026-07-26 00:26:58.166 Examining the path of transformers.models.cohere2_vision.image_processing_cohere2_vision_fast raised:
Traceback (most recent call last):
  File "/Users/bhuvanachandra/Desktop/iitj_chat_bot/.iitj/lib/python3.13/site-packages/streamlit/watcher/local_sources_watcher.py", line 330, in get_module_paths
    potential_paths = extract_paths(module)
  File "/Users/bhuvanachandra/Desktop/iitj_chat_bot/.iitj/lib/python3.13/site-packages/streamlit/watcher/local_sources_watcher.py", line 317, in <lambda>
    if hasattr(m, "__path__")
       ~~~~~~~^^^^^^^^^^^^^^^
  File "/Users/bhuvanachandra/Desktop/iitj_chat_bot/.iitj/lib/python3.13/site-packages/transformers/__init__.py", line 862, in _getattr
    return getattr(importlib.import_module(target, __name__), name)
                   ~~~~~~~~~~~~~~~~~~~~~~~^^^^^^^^^^^^^^^^^^
  File "/opt/homebrew/Caskroom/miniconda/base/lib/python3.13/importlib/__init__.py", line 88, in import_module
    return _bootstrap._gcd_import(name[level:], package, level)
           ~~~~~~~~~~~~~~~~~~~~~~^^^^^^^^^^^^^^^^^^^^^^^^^^^^^^
  File "<frozen importlib._bootstrap>", line 1387, in _gcd_import
  File "<frozen importlib._bootstrap>", line 1360, in _find_and_load
  File "<frozen importlib._bootstrap>", line 1331, in _find_and_load_unlocked
  File "<frozen importlib._bootstrap>", line 935, in _load_unlocked
  File "<frozen importlib._bootstrap_external>", line 1023, in exec_module
  File "<frozen importlib._bootstrap>", line 488, in _call_with_frames_removed
  File "/Users/bhuvanachandra/Desktop/iitj_chat_bot/.iitj/lib/python3.13/site-packages/transformers/models/cohere2_vision/image_processing_cohere2_vision.py", line 25, in <module>
    from torchvision.transforms.v2 import functional as tvF
ModuleNotFoundError: No module named 'torchvision'
2026-07-26 00:26:58.168 Examining the path of transformers.models.conditional_detr.image_processing_conditional_detr_fast raised:
Traceback (most recent call last):
  File "/Users/bhuvanachandra/Desktop/iitj_chat_bot/.iitj/lib/python3.13/site-packages/streamlit/watcher/local_sources_watcher.py", line 330, in get_module_paths
    potential_paths = extract_paths(module)
  File "/Users/bhuvanachandra/Desktop/iitj_chat_bot/.iitj/lib/python3.13/site-packages/streamlit/watcher/local_sources_watcher.py", line 317, in <lambda>
    if hasattr(m, "__path__")
       ~~~~~~~^^^^^^^^^^^^^^^
  File "/Users/bhuvanachandra/Desktop/iitj_chat_bot/.iitj/lib/python3.13/site-packages/transformers/__init__.py", line 862, in _getattr
    return getattr(importlib.import_module(target, __name__), name)
                   ~~~~~~~~~~~~~~~~~~~~~~~^^^^^^^^^^^^^^^^^^
  File "/opt/homebrew/Caskroom/miniconda/base/lib/python3.13/importlib/__init__.py", line 88, in import_module
    return _bootstrap._gcd_import(name[level:], package, level)
           ~~~~~~~~~~~~~~~~~~~~~~^^^^^^^^^^^^^^^^^^^^^^^^^^^^^^
  File "<frozen importlib._bootstrap>", line 1387, in _gcd_import
  File "<frozen importlib._bootstrap>", line 1360, in _find_and_load
  File "<frozen importlib._bootstrap>", line 1331, in _find_and_load_unlocked
  File "<frozen importlib._bootstrap>", line 935, in _load_unlocked
  File "<frozen importlib._bootstrap_external>", line 1023, in exec_module
  File "<frozen importlib._bootstrap>", line 488, in _call_with_frames_removed
  File "/Users/bhuvanachandra/Desktop/iitj_chat_bot/.iitj/lib/python3.13/site-packages/transformers/models/conditional_detr/image_processing_conditional_detr.py", line 27, in <module>
    from torchvision.io import read_image
ModuleNotFoundError: No module named 'torchvision'
2026-07-26 00:26:58.172 Examining the path of transformers.models.convnext.image_processing_convnext_fast raised:
Traceback (most recent call last):
  File "/Users/bhuvanachandra/Desktop/iitj_chat_bot/.iitj/lib/python3.13/site-packages/streamlit/watcher/local_sources_watcher.py", line 330, in get_module_paths
    potential_paths = extract_paths(module)
  File "/Users/bhuvanachandra/Desktop/iitj_chat_bot/.iitj/lib/python3.13/site-packages/streamlit/watcher/local_sources_watcher.py", line 317, in <lambda>
    if hasattr(m, "__path__")
       ~~~~~~~^^^^^^^^^^^^^^^
  File "/Users/bhuvanachandra/Desktop/iitj_chat_bot/.iitj/lib/python3.13/site-packages/transformers/__init__.py", line 862, in _getattr
    return getattr(importlib.import_module(target, __name__), name)
                   ~~~~~~~~~~~~~~~~~~~~~~~^^^^^^^^^^^^^^^^^^
  File "/opt/homebrew/Caskroom/miniconda/base/lib/python3.13/importlib/__init__.py", line 88, in import_module
    return _bootstrap._gcd_import(name[level:], package, level)
           ~~~~~~~~~~~~~~~~~~~~~~^^^^^^^^^^^^^^^^^^^^^^^^^^^^^^
  File "<frozen importlib._bootstrap>", line 1387, in _gcd_import
  File "<frozen importlib._bootstrap>", line 1360, in _find_and_load
  File "<frozen importlib._bootstrap>", line 1331, in _find_and_load_unlocked
  File "<frozen importlib._bootstrap>", line 935, in _load_unlocked
  File "<frozen importlib._bootstrap_external>", line 1023, in exec_module
  File "<frozen importlib._bootstrap>", line 488, in _call_with_frames_removed
  File "/Users/bhuvanachandra/Desktop/iitj_chat_bot/.iitj/lib/python3.13/site-packages/transformers/models/convnext/image_processing_convnext.py", line 17, in <module>
    from torchvision.transforms.v2 import functional as tvF
ModuleNotFoundError: No module named 'torchvision'
2026-07-26 00:26:58.174 Examining the path of transformers.models.deepseek_ocr2.image_processing_deepseek_ocr2_fast raised:
Traceback (most recent call last):
  File "/Users/bhuvanachandra/Desktop/iitj_chat_bot/.iitj/lib/python3.13/site-packages/streamlit/watcher/local_sources_watcher.py", line 330, in get_module_paths
    potential_paths = extract_paths(module)
  File "/Users/bhuvanachandra/Desktop/iitj_chat_bot/.iitj/lib/python3.13/site-packages/streamlit/watcher/local_sources_watcher.py", line 317, in <lambda>
    if hasattr(m, "__path__")
       ~~~~~~~^^^^^^^^^^^^^^^
  File "/Users/bhuvanachandra/Desktop/iitj_chat_bot/.iitj/lib/python3.13/site-packages/transformers/__init__.py", line 862, in _getattr
    return getattr(importlib.import_module(target, __name__), name)
                   ~~~~~~~~~~~~~~~~~~~~~~~^^^^^^^^^^^^^^^^^^
  File "/opt/homebrew/Caskroom/miniconda/base/lib/python3.13/importlib/__init__.py", line 88, in import_module
    return _bootstrap._gcd_import(name[level:], package, level)
           ~~~~~~~~~~~~~~~~~~~~~~^^^^^^^^^^^^^^^^^^^^^^^^^^^^^^
  File "<frozen importlib._bootstrap>", line 1387, in _gcd_import
  File "<frozen importlib._bootstrap>", line 1360, in _find_and_load
  File "<frozen importlib._bootstrap>", line 1331, in _find_and_load_unlocked
  File "<frozen importlib._bootstrap>", line 935, in _load_unlocked
  File "<frozen importlib._bootstrap_external>", line 1023, in exec_module
  File "<frozen importlib._bootstrap>", line 488, in _call_with_frames_removed
  File "/Users/bhuvanachandra/Desktop/iitj_chat_bot/.iitj/lib/python3.13/site-packages/transformers/models/deepseek_ocr2/image_processing_deepseek_ocr2.py", line 24, in <module>
    from torchvision.transforms.v2 import functional as tvF
ModuleNotFoundError: No module named 'torchvision'
2026-07-26 00:26:58.176 Examining the path of transformers.models.deepseek_vl.image_processing_deepseek_vl_fast raised:
Traceback (most recent call last):
  File "/Users/bhuvanachandra/Desktop/iitj_chat_bot/.iitj/lib/python3.13/site-packages/streamlit/watcher/local_sources_watcher.py", line 330, in get_module_paths
    potential_paths = extract_paths(module)
  File "/Users/bhuvanachandra/Desktop/iitj_chat_bot/.iitj/lib/python3.13/site-packages/streamlit/watcher/local_sources_watcher.py", line 317, in <lambda>
    if hasattr(m, "__path__")
       ~~~~~~~^^^^^^^^^^^^^^^
  File "/Users/bhuvanachandra/Desktop/iitj_chat_bot/.iitj/lib/python3.13/site-packages/transformers/__init__.py", line 862, in _getattr
    return getattr(importlib.import_module(target, __name__), name)
                   ~~~~~~~~~~~~~~~~~~~~~~~^^^^^^^^^^^^^^^^^^
  File "/opt/homebrew/Caskroom/miniconda/base/lib/python3.13/importlib/__init__.py", line 88, in import_module
    return _bootstrap._gcd_import(name[level:], package, level)
           ~~~~~~~~~~~~~~~~~~~~~~^^^^^^^^^^^^^^^^^^^^^^^^^^^^^^
  File "<frozen importlib._bootstrap>", line 1387, in _gcd_import
  File "<frozen importlib._bootstrap>", line 1360, in _find_and_load
  File "<frozen importlib._bootstrap>", line 1331, in _find_and_load_unlocked
  File "<frozen importlib._bootstrap>", line 935, in _load_unlocked
  File "<frozen importlib._bootstrap_external>", line 1023, in exec_module
  File "<frozen importlib._bootstrap>", line 488, in _call_with_frames_removed
  File "/Users/bhuvanachandra/Desktop/iitj_chat_bot/.iitj/lib/python3.13/site-packages/transformers/models/deepseek_vl/image_processing_deepseek_vl.py", line 23, in <module>
    import torchvision.transforms.v2.functional as tvF
ModuleNotFoundError: No module named 'torchvision'
2026-07-26 00:26:58.179 Examining the path of transformers.models.deepseek_vl_hybrid.image_processing_deepseek_vl_hybrid_fast raised:
Traceback (most recent call last):
  File "/Users/bhuvanachandra/Desktop/iitj_chat_bot/.iitj/lib/python3.13/site-packages/streamlit/watcher/local_sources_watcher.py", line 330, in get_module_paths
    potential_paths = extract_paths(module)
  File "/Users/bhuvanachandra/Desktop/iitj_chat_bot/.iitj/lib/python3.13/site-packages/streamlit/watcher/local_sources_watcher.py", line 317, in <lambda>
    if hasattr(m, "__path__")
       ~~~~~~~^^^^^^^^^^^^^^^
  File "/Users/bhuvanachandra/Desktop/iitj_chat_bot/.iitj/lib/python3.13/site-packages/transformers/__init__.py", line 862, in _getattr
    return getattr(importlib.import_module(target, __name__), name)
                   ~~~~~~~~~~~~~~~~~~~~~~~^^^^^^^^^^^^^^^^^^
  File "/opt/homebrew/Caskroom/miniconda/base/lib/python3.13/importlib/__init__.py", line 88, in import_module
    return _bootstrap._gcd_import(name[level:], package, level)
           ~~~~~~~~~~~~~~~~~~~~~~^^^^^^^^^^^^^^^^^^^^^^^^^^^^^^
  File "<frozen importlib._bootstrap>", line 1387, in _gcd_import
  File "<frozen importlib._bootstrap>", line 1360, in _find_and_load
  File "<frozen importlib._bootstrap>", line 1331, in _find_and_load_unlocked
  File "<frozen importlib._bootstrap>", line 935, in _load_unlocked
  File "<frozen importlib._bootstrap_external>", line 1023, in exec_module
  File "<frozen importlib._bootstrap>", line 488, in _call_with_frames_removed
  File "/Users/bhuvanachandra/Desktop/iitj_chat_bot/.iitj/lib/python3.13/site-packages/transformers/models/deepseek_vl_hybrid/image_processing_deepseek_vl_hybrid.py", line 25, in <module>
    import torchvision.transforms.v2.functional as tvF
ModuleNotFoundError: No module named 'torchvision'
2026-07-26 00:26:58.182 Examining the path of transformers.models.deformable_detr.image_processing_deformable_detr_fast raised:
Traceback (most recent call last):
  File "/Users/bhuvanachandra/Desktop/iitj_chat_bot/.iitj/lib/python3.13/site-packages/streamlit/watcher/local_sources_watcher.py", line 330, in get_module_paths
    potential_paths = extract_paths(module)
  File "/Users/bhuvanachandra/Desktop/iitj_chat_bot/.iitj/lib/python3.13/site-packages/streamlit/watcher/local_sources_watcher.py", line 317, in <lambda>
    if hasattr(m, "__path__")
       ~~~~~~~^^^^^^^^^^^^^^^
  File "/Users/bhuvanachandra/Desktop/iitj_chat_bot/.iitj/lib/python3.13/site-packages/transformers/__init__.py", line 862, in _getattr
    return getattr(importlib.import_module(target, __name__), name)
                   ~~~~~~~~~~~~~~~~~~~~~~~^^^^^^^^^^^^^^^^^^
  File "/opt/homebrew/Caskroom/miniconda/base/lib/python3.13/importlib/__init__.py", line 88, in import_module
    return _bootstrap._gcd_import(name[level:], package, level)
           ~~~~~~~~~~~~~~~~~~~~~~^^^^^^^^^^^^^^^^^^^^^^^^^^^^^^
  File "<frozen importlib._bootstrap>", line 1387, in _gcd_import
  File "<frozen importlib._bootstrap>", line 1360, in _find_and_load
  File "<frozen importlib._bootstrap>", line 1331, in _find_and_load_unlocked
  File "<frozen importlib._bootstrap>", line 935, in _load_unlocked
  File "<frozen importlib._bootstrap_external>", line 1023, in exec_module
  File "<frozen importlib._bootstrap>", line 488, in _call_with_frames_removed
  File "/Users/bhuvanachandra/Desktop/iitj_chat_bot/.iitj/lib/python3.13/site-packages/transformers/models/deformable_detr/image_processing_deformable_detr.py", line 25, in <module>
    from torchvision.io import read_image
ModuleNotFoundError: No module named 'torchvision'
2026-07-26 00:26:58.187 Examining the path of transformers.models.depth_pro.image_processing_depth_pro_fast raised:
Traceback (most recent call last):
  File "/Users/bhuvanachandra/Desktop/iitj_chat_bot/.iitj/lib/python3.13/site-packages/streamlit/watcher/local_sources_watcher.py", line 330, in get_module_paths
    potential_paths = extract_paths(module)
  File "/Users/bhuvanachandra/Desktop/iitj_chat_bot/.iitj/lib/python3.13/site-packages/streamlit/watcher/local_sources_watcher.py", line 317, in <lambda>
    if hasattr(m, "__path__")
       ~~~~~~~^^^^^^^^^^^^^^^
  File "/Users/bhuvanachandra/Desktop/iitj_chat_bot/.iitj/lib/python3.13/site-packages/transformers/__init__.py", line 862, in _getattr
    return getattr(importlib.import_module(target, __name__), name)
                   ~~~~~~~~~~~~~~~~~~~~~~~^^^^^^^^^^^^^^^^^^
  File "/opt/homebrew/Caskroom/miniconda/base/lib/python3.13/importlib/__init__.py", line 88, in import_module
    return _bootstrap._gcd_import(name[level:], package, level)
           ~~~~~~~~~~~~~~~~~~~~~~^^^^^^^^^^^^^^^^^^^^^^^^^^^^^^
  File "<frozen importlib._bootstrap>", line 1387, in _gcd_import
  File "<frozen importlib._bootstrap>", line 1360, in _find_and_load
  File "<frozen importlib._bootstrap>", line 1331, in _find_and_load_unlocked
  File "<frozen importlib._bootstrap>", line 935, in _load_unlocked
  File "<frozen importlib._bootstrap_external>", line 1023, in exec_module
  File "<frozen importlib._bootstrap>", line 488, in _call_with_frames_removed
  File "/Users/bhuvanachandra/Desktop/iitj_chat_bot/.iitj/lib/python3.13/site-packages/transformers/models/depth_pro/image_processing_depth_pro.py", line 19, in <module>
    from torchvision.transforms.v2 import functional as tvF
ModuleNotFoundError: No module named 'torchvision'
2026-07-26 00:26:58.189 Examining the path of transformers.models.detr.image_processing_detr_fast raised:
Traceback (most recent call last):
  File "/Users/bhuvanachandra/Desktop/iitj_chat_bot/.iitj/lib/python3.13/site-packages/streamlit/watcher/local_sources_watcher.py", line 330, in get_module_paths
    potential_paths = extract_paths(module)
  File "/Users/bhuvanachandra/Desktop/iitj_chat_bot/.iitj/lib/python3.13/site-packages/streamlit/watcher/local_sources_watcher.py", line 317, in <lambda>
    if hasattr(m, "__path__")
       ~~~~~~~^^^^^^^^^^^^^^^
  File "/Users/bhuvanachandra/Desktop/iitj_chat_bot/.iitj/lib/python3.13/site-packages/transformers/__init__.py", line 862, in _getattr
    return getattr(importlib.import_module(target, __name__), name)
                   ~~~~~~~~~~~~~~~~~~~~~~~^^^^^^^^^^^^^^^^^^
  File "/opt/homebrew/Caskroom/miniconda/base/lib/python3.13/importlib/__init__.py", line 88, in import_module
    return _bootstrap._gcd_import(name[level:], package, level)
           ~~~~~~~~~~~~~~~~~~~~~~^^^^^^^^^^^^^^^^^^^^^^^^^^^^^^
  File "<frozen importlib._bootstrap>", line 1387, in _gcd_import
  File "<frozen importlib._bootstrap>", line 1360, in _find_and_load
  File "<frozen importlib._bootstrap>", line 1331, in _find_and_load_unlocked
  File "<frozen importlib._bootstrap>", line 935, in _load_unlocked
  File "<frozen importlib._bootstrap_external>", line 1023, in exec_module
  File "<frozen importlib._bootstrap>", line 488, in _call_with_frames_removed
  File "/Users/bhuvanachandra/Desktop/iitj_chat_bot/.iitj/lib/python3.13/site-packages/transformers/models/detr/image_processing_detr.py", line 22, in <module>
    from torchvision.io import read_image
ModuleNotFoundError: No module named 'torchvision'
2026-07-26 00:26:58.192 Examining the path of transformers.models.dinov3_vit.image_processing_dinov3_vit_fast raised:
Traceback (most recent call last):
  File "/Users/bhuvanachandra/Desktop/iitj_chat_bot/.iitj/lib/python3.13/site-packages/streamlit/watcher/local_sources_watcher.py", line 330, in get_module_paths
    potential_paths = extract_paths(module)
  File "/Users/bhuvanachandra/Desktop/iitj_chat_bot/.iitj/lib/python3.13/site-packages/streamlit/watcher/local_sources_watcher.py", line 317, in <lambda>
    if hasattr(m, "__path__")
       ~~~~~~~^^^^^^^^^^^^^^^
  File "/Users/bhuvanachandra/Desktop/iitj_chat_bot/.iitj/lib/python3.13/site-packages/transformers/__init__.py", line 862, in _getattr
    return getattr(importlib.import_module(target, __name__), name)
                   ~~~~~~~~~~~~~~~~~~~~~~~^^^^^^^^^^^^^^^^^^
  File "/opt/homebrew/Caskroom/miniconda/base/lib/python3.13/importlib/__init__.py", line 88, in import_module
    return _bootstrap._gcd_import(name[level:], package, level)
           ~~~~~~~~~~~~~~~~~~~~~~^^^^^^^^^^^^^^^^^^^^^^^^^^^^^^
  File "<frozen importlib._bootstrap>", line 1387, in _gcd_import
  File "<frozen importlib._bootstrap>", line 1360, in _find_and_load
  File "<frozen importlib._bootstrap>", line 1331, in _find_and_load_unlocked
  File "<frozen importlib._bootstrap>", line 935, in _load_unlocked
  File "<frozen importlib._bootstrap_external>", line 1023, in exec_module
  File "<frozen importlib._bootstrap>", line 488, in _call_with_frames_removed
  File "/Users/bhuvanachandra/Desktop/iitj_chat_bot/.iitj/lib/python3.13/site-packages/transformers/models/dinov3_vit/image_processing_dinov3_vit.py", line 17, in <module>
    from torchvision.transforms.v2 import functional as tvF
ModuleNotFoundError: No module named 'torchvision'
2026-07-26 00:26:58.193 Examining the path of transformers.models.donut.image_processing_donut_fast raised:
Traceback (most recent call last):
  File "/Users/bhuvanachandra/Desktop/iitj_chat_bot/.iitj/lib/python3.13/site-packages/streamlit/watcher/local_sources_watcher.py", line 330, in get_module_paths
    potential_paths = extract_paths(module)
  File "/Users/bhuvanachandra/Desktop/iitj_chat_bot/.iitj/lib/python3.13/site-packages/streamlit/watcher/local_sources_watcher.py", line 317, in <lambda>
    if hasattr(m, "__path__")
       ~~~~~~~^^^^^^^^^^^^^^^
  File "/Users/bhuvanachandra/Desktop/iitj_chat_bot/.iitj/lib/python3.13/site-packages/transformers/__init__.py", line 862, in _getattr
    return getattr(importlib.import_module(target, __name__), name)
                   ~~~~~~~~~~~~~~~~~~~~~~~^^^^^^^^^^^^^^^^^^
  File "/opt/homebrew/Caskroom/miniconda/base/lib/python3.13/importlib/__init__.py", line 88, in import_module
    return _bootstrap._gcd_import(name[level:], package, level)
           ~~~~~~~~~~~~~~~~~~~~~~^^^^^^^^^^^^^^^^^^^^^^^^^^^^^^
  File "<frozen importlib._bootstrap>", line 1387, in _gcd_import
  File "<frozen importlib._bootstrap>", line 1360, in _find_and_load
  File "<frozen importlib._bootstrap>", line 1331, in _find_and_load_unlocked
  File "<frozen importlib._bootstrap>", line 935, in _load_unlocked
  File "<frozen importlib._bootstrap_external>", line 1023, in exec_module
  File "<frozen importlib._bootstrap>", line 488, in _call_with_frames_removed
  File "/Users/bhuvanachandra/Desktop/iitj_chat_bot/.iitj/lib/python3.13/site-packages/transformers/models/donut/image_processing_donut.py", line 17, in <module>
    from torchvision.transforms.v2 import functional as tvF
ModuleNotFoundError: No module named 'torchvision'
2026-07-26 00:26:58.196 Examining the path of transformers.models.dpt.image_processing_dpt_fast raised:
Traceback (most recent call last):
  File "/Users/bhuvanachandra/Desktop/iitj_chat_bot/.iitj/lib/python3.13/site-packages/streamlit/watcher/local_sources_watcher.py", line 330, in get_module_paths
    potential_paths = extract_paths(module)
  File "/Users/bhuvanachandra/Desktop/iitj_chat_bot/.iitj/lib/python3.13/site-packages/streamlit/watcher/local_sources_watcher.py", line 317, in <lambda>
    if hasattr(m, "__path__")
       ~~~~~~~^^^^^^^^^^^^^^^
  File "/Users/bhuvanachandra/Desktop/iitj_chat_bot/.iitj/lib/python3.13/site-packages/transformers/__init__.py", line 862, in _getattr
    return getattr(importlib.import_module(target, __name__), name)
                   ~~~~~~~~~~~~~~~~~~~~~~~^^^^^^^^^^^^^^^^^^
  File "/opt/homebrew/Caskroom/miniconda/base/lib/python3.13/importlib/__init__.py", line 88, in import_module
    return _bootstrap._gcd_import(name[level:], package, level)
           ~~~~~~~~~~~~~~~~~~~~~~^^^^^^^^^^^^^^^^^^^^^^^^^^^^^^
  File "<frozen importlib._bootstrap>", line 1387, in _gcd_import
  File "<frozen importlib._bootstrap>", line 1360, in _find_and_load
  File "<frozen importlib._bootstrap>", line 1331, in _find_and_load_unlocked
  File "<frozen importlib._bootstrap>", line 935, in _load_unlocked
  File "<frozen importlib._bootstrap_external>", line 1023, in exec_module
  File "<frozen importlib._bootstrap>", line 488, in _call_with_frames_removed
  File "/Users/bhuvanachandra/Desktop/iitj_chat_bot/.iitj/lib/python3.13/site-packages/transformers/models/dpt/image_processing_dpt.py", line 28, in <module>
    from torchvision.transforms.v2 import functional as tvF
ModuleNotFoundError: No module named 'torchvision'
2026-07-26 00:26:58.208 Examining the path of transformers.models.efficientloftr.image_processing_efficientloftr_fast raised:
Traceback (most recent call last):
  File "/Users/bhuvanachandra/Desktop/iitj_chat_bot/.iitj/lib/python3.13/site-packages/streamlit/watcher/local_sources_watcher.py", line 330, in get_module_paths
    potential_paths = extract_paths(module)
  File "/Users/bhuvanachandra/Desktop/iitj_chat_bot/.iitj/lib/python3.13/site-packages/streamlit/watcher/local_sources_watcher.py", line 317, in <lambda>
    if hasattr(m, "__path__")
       ~~~~~~~^^^^^^^^^^^^^^^
  File "/Users/bhuvanachandra/Desktop/iitj_chat_bot/.iitj/lib/python3.13/site-packages/transformers/__init__.py", line 862, in _getattr
    return getattr(importlib.import_module(target, __name__), name)
                   ~~~~~~~~~~~~~~~~~~~~~~~^^^^^^^^^^^^^^^^^^
  File "/opt/homebrew/Caskroom/miniconda/base/lib/python3.13/importlib/__init__.py", line 88, in import_module
    return _bootstrap._gcd_import(name[level:], package, level)
           ~~~~~~~~~~~~~~~~~~~~~~^^^^^^^^^^^^^^^^^^^^^^^^^^^^^^
  File "<frozen importlib._bootstrap>", line 1387, in _gcd_import
  File "<frozen importlib._bootstrap>", line 1360, in _find_and_load
  File "<frozen importlib._bootstrap>", line 1331, in _find_and_load_unlocked
  File "<frozen importlib._bootstrap>", line 935, in _load_unlocked
  File "<frozen importlib._bootstrap_external>", line 1023, in exec_module
  File "<frozen importlib._bootstrap>", line 488, in _call_with_frames_removed
  File "/Users/bhuvanachandra/Desktop/iitj_chat_bot/.iitj/lib/python3.13/site-packages/transformers/models/efficientloftr/image_processing_efficientloftr.py", line 10, in <module>
    from torchvision.transforms.v2 import functional as tvF
ModuleNotFoundError: No module named 'torchvision'
2026-07-26 00:26:58.212 Examining the path of transformers.models.efficientnet.image_processing_efficientnet_fast raised:
Traceback (most recent call last):
  File "/Users/bhuvanachandra/Desktop/iitj_chat_bot/.iitj/lib/python3.13/site-packages/streamlit/watcher/local_sources_watcher.py", line 330, in get_module_paths
    potential_paths = extract_paths(module)
  File "/Users/bhuvanachandra/Desktop/iitj_chat_bot/.iitj/lib/python3.13/site-packages/streamlit/watcher/local_sources_watcher.py", line 317, in <lambda>
    if hasattr(m, "__path__")
       ~~~~~~~^^^^^^^^^^^^^^^
  File "/Users/bhuvanachandra/Desktop/iitj_chat_bot/.iitj/lib/python3.13/site-packages/transformers/__init__.py", line 862, in _getattr
    return getattr(importlib.import_module(target, __name__), name)
                   ~~~~~~~~~~~~~~~~~~~~~~~^^^^^^^^^^^^^^^^^^
  File "/opt/homebrew/Caskroom/miniconda/base/lib/python3.13/importlib/__init__.py", line 88, in import_module
    return _bootstrap._gcd_import(name[level:], package, level)
           ~~~~~~~~~~~~~~~~~~~~~~^^^^^^^^^^^^^^^^^^^^^^^^^^^^^^
  File "<frozen importlib._bootstrap>", line 1387, in _gcd_import
  File "<frozen importlib._bootstrap>", line 1360, in _find_and_load
  File "<frozen importlib._bootstrap>", line 1331, in _find_and_load_unlocked
  File "<frozen importlib._bootstrap>", line 935, in _load_unlocked
  File "<frozen importlib._bootstrap_external>", line 1023, in exec_module
  File "<frozen importlib._bootstrap>", line 488, in _call_with_frames_removed
  File "/Users/bhuvanachandra/Desktop/iitj_chat_bot/.iitj/lib/python3.13/site-packages/transformers/models/efficientnet/image_processing_efficientnet.py", line 20, in <module>
    from torchvision.transforms.v2 import functional as tvF
ModuleNotFoundError: No module named 'torchvision'
2026-07-26 00:26:58.215 Examining the path of transformers.models.eomt.image_processing_eomt_fast raised:
Traceback (most recent call last):
  File "/Users/bhuvanachandra/Desktop/iitj_chat_bot/.iitj/lib/python3.13/site-packages/streamlit/watcher/local_sources_watcher.py", line 330, in get_module_paths
    potential_paths = extract_paths(module)
  File "/Users/bhuvanachandra/Desktop/iitj_chat_bot/.iitj/lib/python3.13/site-packages/streamlit/watcher/local_sources_watcher.py", line 317, in <lambda>
    if hasattr(m, "__path__")
       ~~~~~~~^^^^^^^^^^^^^^^
  File "/Users/bhuvanachandra/Desktop/iitj_chat_bot/.iitj/lib/python3.13/site-packages/transformers/__init__.py", line 862, in _getattr
    return getattr(importlib.import_module(target, __name__), name)
                   ~~~~~~~~~~~~~~~~~~~~~~~^^^^^^^^^^^^^^^^^^
  File "/opt/homebrew/Caskroom/miniconda/base/lib/python3.13/importlib/__init__.py", line 88, in import_module
    return _bootstrap._gcd_import(name[level:], package, level)
           ~~~~~~~~~~~~~~~~~~~~~~^^^^^^^^^^^^^^^^^^^^^^^^^^^^^^
  File "<frozen importlib._bootstrap>", line 1387, in _gcd_import
  File "<frozen importlib._bootstrap>", line 1360, in _find_and_load
  File "<frozen importlib._bootstrap>", line 1331, in _find_and_load_unlocked
  File "<frozen importlib._bootstrap>", line 935, in _load_unlocked
  File "<frozen importlib._bootstrap_external>", line 1023, in exec_module
  File "<frozen importlib._bootstrap>", line 488, in _call_with_frames_removed
  File "/Users/bhuvanachandra/Desktop/iitj_chat_bot/.iitj/lib/python3.13/site-packages/transformers/models/eomt/image_processing_eomt.py", line 20, in <module>
    from torchvision.transforms.v2 import functional as tvF
ModuleNotFoundError: No module named 'torchvision'
2026-07-26 00:26:58.219 Examining the path of transformers.models.ernie4_5_vl_moe.image_processing_ernie4_5_vl_moe_fast raised:
Traceback (most recent call last):
  File "/Users/bhuvanachandra/Desktop/iitj_chat_bot/.iitj/lib/python3.13/site-packages/streamlit/watcher/local_sources_watcher.py", line 330, in get_module_paths
    potential_paths = extract_paths(module)
  File "/Users/bhuvanachandra/Desktop/iitj_chat_bot/.iitj/lib/python3.13/site-packages/streamlit/watcher/local_sources_watcher.py", line 317, in <lambda>
    if hasattr(m, "__path__")
       ~~~~~~~^^^^^^^^^^^^^^^
  File "/Users/bhuvanachandra/Desktop/iitj_chat_bot/.iitj/lib/python3.13/site-packages/transformers/__init__.py", line 862, in _getattr
    return getattr(importlib.import_module(target, __name__), name)
                   ~~~~~~~~~~~~~~~~~~~~~~~^^^^^^^^^^^^^^^^^^
  File "/opt/homebrew/Caskroom/miniconda/base/lib/python3.13/importlib/__init__.py", line 88, in import_module
    return _bootstrap._gcd_import(name[level:], package, level)
           ~~~~~~~~~~~~~~~~~~~~~~^^^^^^^^^^^^^^^^^^^^^^^^^^^^^^
  File "<frozen importlib._bootstrap>", line 1387, in _gcd_import
  File "<frozen importlib._bootstrap>", line 1360, in _find_and_load
  File "<frozen importlib._bootstrap>", line 1331, in _find_and_load_unlocked
  File "<frozen importlib._bootstrap>", line 935, in _load_unlocked
  File "<frozen importlib._bootstrap_external>", line 1023, in exec_module
  File "<frozen importlib._bootstrap>", line 488, in _call_with_frames_removed
  File "/Users/bhuvanachandra/Desktop/iitj_chat_bot/.iitj/lib/python3.13/site-packages/transformers/models/ernie4_5_vl_moe/image_processing_ernie4_5_vl_moe.py", line 23, in <module>
    from torchvision.transforms.v2 import functional as tvF
ModuleNotFoundError: No module named 'torchvision'
2026-07-26 00:26:58.226 Examining the path of transformers.models.flava.image_processing_flava_fast raised:
Traceback (most recent call last):
  File "/Users/bhuvanachandra/Desktop/iitj_chat_bot/.iitj/lib/python3.13/site-packages/streamlit/watcher/local_sources_watcher.py", line 330, in get_module_paths
    potential_paths = extract_paths(module)
  File "/Users/bhuvanachandra/Desktop/iitj_chat_bot/.iitj/lib/python3.13/site-packages/streamlit/watcher/local_sources_watcher.py", line 317, in <lambda>
    if hasattr(m, "__path__")
       ~~~~~~~^^^^^^^^^^^^^^^
  File "/Users/bhuvanachandra/Desktop/iitj_chat_bot/.iitj/lib/python3.13/site-packages/transformers/__init__.py", line 862, in _getattr
    return getattr(importlib.import_module(target, __name__), name)
                   ~~~~~~~~~~~~~~~~~~~~~~~^^^^^^^^^^^^^^^^^^
  File "/opt/homebrew/Caskroom/miniconda/base/lib/python3.13/importlib/__init__.py", line 88, in import_module
    return _bootstrap._gcd_import(name[level:], package, level)
           ~~~~~~~~~~~~~~~~~~~~~~^^^^^^^^^^^^^^^^^^^^^^^^^^^^^^
  File "<frozen importlib._bootstrap>", line 1387, in _gcd_import
  File "<frozen importlib._bootstrap>", line 1360, in _find_and_load
  File "<frozen importlib._bootstrap>", line 1331, in _find_and_load_unlocked
  File "<frozen importlib._bootstrap>", line 935, in _load_unlocked
  File "<frozen importlib._bootstrap_external>", line 1023, in exec_module
  File "<frozen importlib._bootstrap>", line 488, in _call_with_frames_removed
  File "/Users/bhuvanachandra/Desktop/iitj_chat_bot/.iitj/lib/python3.13/site-packages/transformers/models/flava/image_processing_flava.py", line 23, in <module>
    from torchvision.transforms.v2 import functional as tvF
ModuleNotFoundError: No module named 'torchvision'
2026-07-26 00:26:58.233 Examining the path of transformers.models.fuyu.image_processing_fuyu_fast raised:
Traceback (most recent call last):
  File "/Users/bhuvanachandra/Desktop/iitj_chat_bot/.iitj/lib/python3.13/site-packages/streamlit/watcher/local_sources_watcher.py", line 330, in get_module_paths
    potential_paths = extract_paths(module)
  File "/Users/bhuvanachandra/Desktop/iitj_chat_bot/.iitj/lib/python3.13/site-packages/streamlit/watcher/local_sources_watcher.py", line 317, in <lambda>
    if hasattr(m, "__path__")
       ~~~~~~~^^^^^^^^^^^^^^^
  File "/Users/bhuvanachandra/Desktop/iitj_chat_bot/.iitj/lib/python3.13/site-packages/transformers/__init__.py", line 862, in _getattr
    return getattr(importlib.import_module(target, __name__), name)
                   ~~~~~~~~~~~~~~~~~~~~~~~^^^^^^^^^^^^^^^^^^
  File "/opt/homebrew/Caskroom/miniconda/base/lib/python3.13/importlib/__init__.py", line 88, in import_module
    return _bootstrap._gcd_import(name[level:], package, level)
           ~~~~~~~~~~~~~~~~~~~~~~^^^^^^^^^^^^^^^^^^^^^^^^^^^^^^
  File "<frozen importlib._bootstrap>", line 1387, in _gcd_import
  File "<frozen importlib._bootstrap>", line 1360, in _find_and_load
  File "<frozen importlib._bootstrap>", line 1331, in _find_and_load_unlocked
  File "<frozen importlib._bootstrap>", line 935, in _load_unlocked
  File "<frozen importlib._bootstrap_external>", line 1023, in exec_module
  File "<frozen importlib._bootstrap>", line 488, in _call_with_frames_removed
  File "/Users/bhuvanachandra/Desktop/iitj_chat_bot/.iitj/lib/python3.13/site-packages/transformers/models/fuyu/image_processing_fuyu.py", line 19, in <module>
    from torchvision.transforms.v2 import functional as tvF
ModuleNotFoundError: No module named 'torchvision'
2026-07-26 00:26:58.235 Examining the path of transformers.models.gemma3.image_processing_gemma3_fast raised:
Traceback (most recent call last):
  File "/Users/bhuvanachandra/Desktop/iitj_chat_bot/.iitj/lib/python3.13/site-packages/streamlit/watcher/local_sources_watcher.py", line 330, in get_module_paths
    potential_paths = extract_paths(module)
  File "/Users/bhuvanachandra/Desktop/iitj_chat_bot/.iitj/lib/python3.13/site-packages/streamlit/watcher/local_sources_watcher.py", line 317, in <lambda>
    if hasattr(m, "__path__")
       ~~~~~~~^^^^^^^^^^^^^^^
  File "/Users/bhuvanachandra/Desktop/iitj_chat_bot/.iitj/lib/python3.13/site-packages/transformers/__init__.py", line 862, in _getattr
    return getattr(importlib.import_module(target, __name__), name)
                   ~~~~~~~~~~~~~~~~~~~~~~~^^^^^^^^^^^^^^^^^^
  File "/opt/homebrew/Caskroom/miniconda/base/lib/python3.13/importlib/__init__.py", line 88, in import_module
    return _bootstrap._gcd_import(name[level:], package, level)
           ~~~~~~~~~~~~~~~~~~~~~~^^^^^^^^^^^^^^^^^^^^^^^^^^^^^^
  File "<frozen importlib._bootstrap>", line 1387, in _gcd_import
  File "<frozen importlib._bootstrap>", line 1360, in _find_and_load
  File "<frozen importlib._bootstrap>", line 1331, in _find_and_load_unlocked
  File "<frozen importlib._bootstrap>", line 935, in _load_unlocked
  File "<frozen importlib._bootstrap_external>", line 1023, in exec_module
  File "<frozen importlib._bootstrap>", line 488, in _call_with_frames_removed
  File "/Users/bhuvanachandra/Desktop/iitj_chat_bot/.iitj/lib/python3.13/site-packages/transformers/models/gemma3/image_processing_gemma3.py", line 20, in <module>
    from torchvision.transforms.v2 import functional as tvF
ModuleNotFoundError: No module named 'torchvision'
2026-07-26 00:26:58.239 Examining the path of transformers.models.gemma4.image_processing_gemma4_fast raised:
Traceback (most recent call last):
  File "/Users/bhuvanachandra/Desktop/iitj_chat_bot/.iitj/lib/python3.13/site-packages/streamlit/watcher/local_sources_watcher.py", line 330, in get_module_paths
    potential_paths = extract_paths(module)
  File "/Users/bhuvanachandra/Desktop/iitj_chat_bot/.iitj/lib/python3.13/site-packages/streamlit/watcher/local_sources_watcher.py", line 317, in <lambda>
    if hasattr(m, "__path__")
       ~~~~~~~^^^^^^^^^^^^^^^
  File "/Users/bhuvanachandra/Desktop/iitj_chat_bot/.iitj/lib/python3.13/site-packages/transformers/__init__.py", line 862, in _getattr
    return getattr(importlib.import_module(target, __name__), name)
                   ~~~~~~~~~~~~~~~~~~~~~~~^^^^^^^^^^^^^^^^^^
  File "/opt/homebrew/Caskroom/miniconda/base/lib/python3.13/importlib/__init__.py", line 88, in import_module
    return _bootstrap._gcd_import(name[level:], package, level)
           ~~~~~~~~~~~~~~~~~~~~~~^^^^^^^^^^^^^^^^^^^^^^^^^^^^^^
  File "<frozen importlib._bootstrap>", line 1387, in _gcd_import
  File "<frozen importlib._bootstrap>", line 1360, in _find_and_load
  File "<frozen importlib._bootstrap>", line 1331, in _find_and_load_unlocked
  File "<frozen importlib._bootstrap>", line 935, in _load_unlocked
  File "<frozen importlib._bootstrap_external>", line 1023, in exec_module
  File "<frozen importlib._bootstrap>", line 488, in _call_with_frames_removed
  File "/Users/bhuvanachandra/Desktop/iitj_chat_bot/.iitj/lib/python3.13/site-packages/transformers/models/gemma4/image_processing_gemma4.py", line 17, in <module>
    from torchvision.transforms.v2 import functional as tvF
ModuleNotFoundError: No module named 'torchvision'
2026-07-26 00:26:58.246 Examining the path of transformers.models.gemma4_unified.image_processing_gemma4_unified_fast raised:
Traceback (most recent call last):
  File "/Users/bhuvanachandra/Desktop/iitj_chat_bot/.iitj/lib/python3.13/site-packages/streamlit/watcher/local_sources_watcher.py", line 330, in get_module_paths
    potential_paths = extract_paths(module)
  File "/Users/bhuvanachandra/Desktop/iitj_chat_bot/.iitj/lib/python3.13/site-packages/streamlit/watcher/local_sources_watcher.py", line 317, in <lambda>
    if hasattr(m, "__path__")
       ~~~~~~~^^^^^^^^^^^^^^^
  File "/Users/bhuvanachandra/Desktop/iitj_chat_bot/.iitj/lib/python3.13/site-packages/transformers/__init__.py", line 862, in _getattr
    return getattr(importlib.import_module(target, __name__), name)
                   ~~~~~~~~~~~~~~~~~~~~~~~^^^^^^^^^^^^^^^^^^
  File "/opt/homebrew/Caskroom/miniconda/base/lib/python3.13/importlib/__init__.py", line 88, in import_module
    return _bootstrap._gcd_import(name[level:], package, level)
           ~~~~~~~~~~~~~~~~~~~~~~^^^^^^^^^^^^^^^^^^^^^^^^^^^^^^
  File "<frozen importlib._bootstrap>", line 1387, in _gcd_import
  File "<frozen importlib._bootstrap>", line 1360, in _find_and_load
  File "<frozen importlib._bootstrap>", line 1331, in _find_and_load_unlocked
  File "<frozen importlib._bootstrap>", line 935, in _load_unlocked
  File "<frozen importlib._bootstrap_external>", line 1023, in exec_module
  File "<frozen importlib._bootstrap>", line 488, in _call_with_frames_removed
  File "/Users/bhuvanachandra/Desktop/iitj_chat_bot/.iitj/lib/python3.13/site-packages/transformers/models/gemma4_unified/image_processing_gemma4_unified.py", line 23, in <module>
    from torchvision.transforms.v2 import functional as tvF
ModuleNotFoundError: No module named 'torchvision'
2026-07-26 00:26:58.247 Examining the path of transformers.models.glm46v.image_processing_glm46v_fast raised:
Traceback (most recent call last):
  File "/Users/bhuvanachandra/Desktop/iitj_chat_bot/.iitj/lib/python3.13/site-packages/streamlit/watcher/local_sources_watcher.py", line 330, in get_module_paths
    potential_paths = extract_paths(module)
  File "/Users/bhuvanachandra/Desktop/iitj_chat_bot/.iitj/lib/python3.13/site-packages/streamlit/watcher/local_sources_watcher.py", line 317, in <lambda>
    if hasattr(m, "__path__")
       ~~~~~~~^^^^^^^^^^^^^^^
  File "/Users/bhuvanachandra/Desktop/iitj_chat_bot/.iitj/lib/python3.13/site-packages/transformers/__init__.py", line 862, in _getattr
    return getattr(importlib.import_module(target, __name__), name)
                   ~~~~~~~~~~~~~~~~~~~~~~~^^^^^^^^^^^^^^^^^^
  File "/opt/homebrew/Caskroom/miniconda/base/lib/python3.13/importlib/__init__.py", line 88, in import_module
    return _bootstrap._gcd_import(name[level:], package, level)
           ~~~~~~~~~~~~~~~~~~~~~~^^^^^^^^^^^^^^^^^^^^^^^^^^^^^^
  File "<frozen importlib._bootstrap>", line 1387, in _gcd_import
  File "<frozen importlib._bootstrap>", line 1360, in _find_and_load
  File "<frozen importlib._bootstrap>", line 1331, in _find_and_load_unlocked
  File "<frozen importlib._bootstrap>", line 935, in _load_unlocked
  File "<frozen importlib._bootstrap_external>", line 1023, in exec_module
  File "<frozen importlib._bootstrap>", line 488, in _call_with_frames_removed
  File "/Users/bhuvanachandra/Desktop/iitj_chat_bot/.iitj/lib/python3.13/site-packages/transformers/models/glm46v/image_processing_glm46v.py", line 25, in <module>
    from torchvision.transforms.v2 import functional as tvF
ModuleNotFoundError: No module named 'torchvision'
2026-07-26 00:26:58.250 Examining the path of transformers.models.glm4v.image_processing_glm4v_fast raised:
Traceback (most recent call last):
  File "/Users/bhuvanachandra/Desktop/iitj_chat_bot/.iitj/lib/python3.13/site-packages/streamlit/watcher/local_sources_watcher.py", line 330, in get_module_paths
    potential_paths = extract_paths(module)
  File "/Users/bhuvanachandra/Desktop/iitj_chat_bot/.iitj/lib/python3.13/site-packages/streamlit/watcher/local_sources_watcher.py", line 317, in <lambda>
    if hasattr(m, "__path__")
       ~~~~~~~^^^^^^^^^^^^^^^
  File "/Users/bhuvanachandra/Desktop/iitj_chat_bot/.iitj/lib/python3.13/site-packages/transformers/__init__.py", line 862, in _getattr
    return getattr(importlib.import_module(target, __name__), name)
                   ~~~~~~~~~~~~~~~~~~~~~~~^^^^^^^^^^^^^^^^^^
  File "/opt/homebrew/Caskroom/miniconda/base/lib/python3.13/importlib/__init__.py", line 88, in import_module
    return _bootstrap._gcd_import(name[level:], package, level)
           ~~~~~~~~~~~~~~~~~~~~~~^^^^^^^^^^^^^^^^^^^^^^^^^^^^^^
  File "<frozen importlib._bootstrap>", line 1387, in _gcd_import
  File "<frozen importlib._bootstrap>", line 1360, in _find_and_load
  File "<frozen importlib._bootstrap>", line 1331, in _find_and_load_unlocked
  File "<frozen importlib._bootstrap>", line 935, in _load_unlocked
  File "<frozen importlib._bootstrap_external>", line 1023, in exec_module
  File "<frozen importlib._bootstrap>", line 488, in _call_with_frames_removed
  File "/Users/bhuvanachandra/Desktop/iitj_chat_bot/.iitj/lib/python3.13/site-packages/transformers/models/glm4v/image_processing_glm4v.py", line 19, in <module>
    from torchvision.transforms.v2 import functional as tvF
ModuleNotFoundError: No module named 'torchvision'
2026-07-26 00:26:58.254 Examining the path of transformers.models.glm_image.image_processing_glm_image_fast raised:
Traceback (most recent call last):
  File "/Users/bhuvanachandra/Desktop/iitj_chat_bot/.iitj/lib/python3.13/site-packages/streamlit/watcher/local_sources_watcher.py", line 330, in get_module_paths
    potential_paths = extract_paths(module)
  File "/Users/bhuvanachandra/Desktop/iitj_chat_bot/.iitj/lib/python3.13/site-packages/streamlit/watcher/local_sources_watcher.py", line 317, in <lambda>
    if hasattr(m, "__path__")
       ~~~~~~~^^^^^^^^^^^^^^^
  File "/Users/bhuvanachandra/Desktop/iitj_chat_bot/.iitj/lib/python3.13/site-packages/transformers/__init__.py", line 862, in _getattr
    return getattr(importlib.import_module(target, __name__), name)
                   ~~~~~~~~~~~~~~~~~~~~~~~^^^^^^^^^^^^^^^^^^
  File "/opt/homebrew/Caskroom/miniconda/base/lib/python3.13/importlib/__init__.py", line 88, in import_module
    return _bootstrap._gcd_import(name[level:], package, level)
           ~~~~~~~~~~~~~~~~~~~~~~^^^^^^^^^^^^^^^^^^^^^^^^^^^^^^
  File "<frozen importlib._bootstrap>", line 1387, in _gcd_import
  File "<frozen importlib._bootstrap>", line 1360, in _find_and_load
  File "<frozen importlib._bootstrap>", line 1331, in _find_and_load_unlocked
  File "<frozen importlib._bootstrap>", line 935, in _load_unlocked
  File "<frozen importlib._bootstrap_external>", line 1023, in exec_module
  File "<frozen importlib._bootstrap>", line 488, in _call_with_frames_removed
  File "/Users/bhuvanachandra/Desktop/iitj_chat_bot/.iitj/lib/python3.13/site-packages/transformers/models/glm_image/image_processing_glm_image.py", line 25, in <module>
    from torchvision.transforms.v2 import functional as tvF
ModuleNotFoundError: No module named 'torchvision'
2026-07-26 00:26:58.261 Examining the path of transformers.models.glmga.image_processing_glmga_fast raised:
Traceback (most recent call last):
  File "/Users/bhuvanachandra/Desktop/iitj_chat_bot/.iitj/lib/python3.13/site-packages/streamlit/watcher/local_sources_watcher.py", line 330, in get_module_paths
    potential_paths = extract_paths(module)
  File "/Users/bhuvanachandra/Desktop/iitj_chat_bot/.iitj/lib/python3.13/site-packages/streamlit/watcher/local_sources_watcher.py", line 317, in <lambda>
    if hasattr(m, "__path__")
       ~~~~~~~^^^^^^^^^^^^^^^
  File "/Users/bhuvanachandra/Desktop/iitj_chat_bot/.iitj/lib/python3.13/site-packages/transformers/__init__.py", line 862, in _getattr
    return getattr(importlib.import_module(target, __name__), name)
                   ~~~~~~~~~~~~~~~~~~~~~~~^^^^^^^^^^^^^^^^^^
  File "/opt/homebrew/Caskroom/miniconda/base/lib/python3.13/importlib/__init__.py", line 88, in import_module
    return _bootstrap._gcd_import(name[level:], package, level)
           ~~~~~~~~~~~~~~~~~~~~~~^^^^^^^^^^^^^^^^^^^^^^^^^^^^^^
  File "<frozen importlib._bootstrap>", line 1387, in _gcd_import
  File "<frozen importlib._bootstrap>", line 1360, in _find_and_load
  File "<frozen importlib._bootstrap>", line 1331, in _find_and_load_unlocked
  File "<frozen importlib._bootstrap>", line 935, in _load_unlocked
  File "<frozen importlib._bootstrap_external>", line 1023, in exec_module
  File "<frozen importlib._bootstrap>", line 488, in _call_with_frames_removed
  File "/Users/bhuvanachandra/Desktop/iitj_chat_bot/.iitj/lib/python3.13/site-packages/transformers/models/glmga/image_processing_glmga.py", line 24, in <module>
    from torchvision.transforms.v2 import functional as tvF
ModuleNotFoundError: No module named 'torchvision'
2026-07-26 00:26:58.264 Examining the path of transformers.models.glpn.image_processing_glpn_fast raised:
Traceback (most recent call last):
  File "/Users/bhuvanachandra/Desktop/iitj_chat_bot/.iitj/lib/python3.13/site-packages/streamlit/watcher/local_sources_watcher.py", line 330, in get_module_paths
    potential_paths = extract_paths(module)
  File "/Users/bhuvanachandra/Desktop/iitj_chat_bot/.iitj/lib/python3.13/site-packages/streamlit/watcher/local_sources_watcher.py", line 317, in <lambda>
    if hasattr(m, "__path__")
       ~~~~~~~^^^^^^^^^^^^^^^
  File "/Users/bhuvanachandra/Desktop/iitj_chat_bot/.iitj/lib/python3.13/site-packages/transformers/__init__.py", line 862, in _getattr
    return getattr(importlib.import_module(target, __name__), name)
                   ~~~~~~~~~~~~~~~~~~~~~~~^^^^^^^^^^^^^^^^^^
  File "/opt/homebrew/Caskroom/miniconda/base/lib/python3.13/importlib/__init__.py", line 88, in import_module
    return _bootstrap._gcd_import(name[level:], package, level)
           ~~~~~~~~~~~~~~~~~~~~~~^^^^^^^^^^^^^^^^^^^^^^^^^^^^^^
  File "<frozen importlib._bootstrap>", line 1387, in _gcd_import
  File "<frozen importlib._bootstrap>", line 1360, in _find_and_load
  File "<frozen importlib._bootstrap>", line 1331, in _find_and_load_unlocked
  File "<frozen importlib._bootstrap>", line 935, in _load_unlocked
  File "<frozen importlib._bootstrap_external>", line 1023, in exec_module
  File "<frozen importlib._bootstrap>", line 488, in _call_with_frames_removed
  File "/Users/bhuvanachandra/Desktop/iitj_chat_bot/.iitj/lib/python3.13/site-packages/transformers/models/glpn/image_processing_glpn.py", line 34, in <module>
    from torchvision.transforms.v2 import functional as tvF
ModuleNotFoundError: No module named 'torchvision'
2026-07-26 00:26:58.267 Examining the path of transformers.models.got_ocr2.image_processing_got_ocr2_fast raised:
Traceback (most recent call last):
  File "/Users/bhuvanachandra/Desktop/iitj_chat_bot/.iitj/lib/python3.13/site-packages/streamlit/watcher/local_sources_watcher.py", line 330, in get_module_paths
    potential_paths = extract_paths(module)
  File "/Users/bhuvanachandra/Desktop/iitj_chat_bot/.iitj/lib/python3.13/site-packages/streamlit/watcher/local_sources_watcher.py", line 317, in <lambda>
    if hasattr(m, "__path__")
       ~~~~~~~^^^^^^^^^^^^^^^
  File "/Users/bhuvanachandra/Desktop/iitj_chat_bot/.iitj/lib/python3.13/site-packages/transformers/__init__.py", line 862, in _getattr
    return getattr(importlib.import_module(target, __name__), name)
                   ~~~~~~~~~~~~~~~~~~~~~~~^^^^^^^^^^^^^^^^^^
  File "/opt/homebrew/Caskroom/miniconda/base/lib/python3.13/importlib/__init__.py", line 88, in import_module
    return _bootstrap._gcd_import(name[level:], package, level)
           ~~~~~~~~~~~~~~~~~~~~~~^^^^^^^^^^^^^^^^^^^^^^^^^^^^^^
  File "<frozen importlib._bootstrap>", line 1387, in _gcd_import
  File "<frozen importlib._bootstrap>", line 1360, in _find_and_load
  File "<frozen importlib._bootstrap>", line 1331, in _find_and_load_unlocked
  File "<frozen importlib._bootstrap>", line 935, in _load_unlocked
  File "<frozen importlib._bootstrap_external>", line 1023, in exec_module
  File "<frozen importlib._bootstrap>", line 488, in _call_with_frames_removed
  File "/Users/bhuvanachandra/Desktop/iitj_chat_bot/.iitj/lib/python3.13/site-packages/transformers/models/got_ocr2/image_processing_got_ocr2.py", line 19, in <module>
    from torchvision.transforms.v2 import functional as tvF
ModuleNotFoundError: No module named 'torchvision'
2026-07-26 00:26:58.269 Examining the path of transformers.models.grounding_dino.image_processing_grounding_dino_fast raised:
Traceback (most recent call last):
  File "/Users/bhuvanachandra/Desktop/iitj_chat_bot/.iitj/lib/python3.13/site-packages/streamlit/watcher/local_sources_watcher.py", line 330, in get_module_paths
    potential_paths = extract_paths(module)
  File "/Users/bhuvanachandra/Desktop/iitj_chat_bot/.iitj/lib/python3.13/site-packages/streamlit/watcher/local_sources_watcher.py", line 317, in <lambda>
    if hasattr(m, "__path__")
       ~~~~~~~^^^^^^^^^^^^^^^
  File "/Users/bhuvanachandra/Desktop/iitj_chat_bot/.iitj/lib/python3.13/site-packages/transformers/__init__.py", line 862, in _getattr
    return getattr(importlib.import_module(target, __name__), name)
                   ~~~~~~~~~~~~~~~~~~~~~~~^^^^^^^^^^^^^^^^^^
  File "/opt/homebrew/Caskroom/miniconda/base/lib/python3.13/importlib/__init__.py", line 88, in import_module
    return _bootstrap._gcd_import(name[level:], package, level)
           ~~~~~~~~~~~~~~~~~~~~~~^^^^^^^^^^^^^^^^^^^^^^^^^^^^^^
  File "<frozen importlib._bootstrap>", line 1387, in _gcd_import
  File "<frozen importlib._bootstrap>", line 1360, in _find_and_load
  File "<frozen importlib._bootstrap>", line 1331, in _find_and_load_unlocked
  File "<frozen importlib._bootstrap>", line 935, in _load_unlocked
  File "<frozen importlib._bootstrap_external>", line 1023, in exec_module
  File "<frozen importlib._bootstrap>", line 488, in _call_with_frames_removed
  File "/Users/bhuvanachandra/Desktop/iitj_chat_bot/.iitj/lib/python3.13/site-packages/transformers/models/grounding_dino/image_processing_grounding_dino.py", line 30, in <module>
    from torchvision.io import read_image
ModuleNotFoundError: No module named 'torchvision'
2026-07-26 00:26:58.274 Examining the path of transformers.models.hunyuan_vl.image_processing_hunyuan_vl_fast raised:
Traceback (most recent call last):
  File "/Users/bhuvanachandra/Desktop/iitj_chat_bot/.iitj/lib/python3.13/site-packages/streamlit/watcher/local_sources_watcher.py", line 330, in get_module_paths
    potential_paths = extract_paths(module)
  File "/Users/bhuvanachandra/Desktop/iitj_chat_bot/.iitj/lib/python3.13/site-packages/streamlit/watcher/local_sources_watcher.py", line 317, in <lambda>
    if hasattr(m, "__path__")
       ~~~~~~~^^^^^^^^^^^^^^^
  File "/Users/bhuvanachandra/Desktop/iitj_chat_bot/.iitj/lib/python3.13/site-packages/transformers/__init__.py", line 862, in _getattr
    return getattr(importlib.import_module(target, __name__), name)
                   ~~~~~~~~~~~~~~~~~~~~~~~^^^^^^^^^^^^^^^^^^
  File "/opt/homebrew/Caskroom/miniconda/base/lib/python3.13/importlib/__init__.py", line 88, in import_module
    return _bootstrap._gcd_import(name[level:], package, level)
           ~~~~~~~~~~~~~~~~~~~~~~^^^^^^^^^^^^^^^^^^^^^^^^^^^^^^
  File "<frozen importlib._bootstrap>", line 1387, in _gcd_import
  File "<frozen importlib._bootstrap>", line 1360, in _find_and_load
  File "<frozen importlib._bootstrap>", line 1331, in _find_and_load_unlocked
  File "<frozen importlib._bootstrap>", line 935, in _load_unlocked
  File "<frozen importlib._bootstrap_external>", line 1023, in exec_module
  File "<frozen importlib._bootstrap>", line 488, in _call_with_frames_removed
  File "/Users/bhuvanachandra/Desktop/iitj_chat_bot/.iitj/lib/python3.13/site-packages/transformers/models/hunyuan_vl/image_processing_hunyuan_vl.py", line 25, in <module>
    from torchvision.transforms.v2 import functional as tvF
ModuleNotFoundError: No module named 'torchvision'
2026-07-26 00:26:58.286 Examining the path of transformers.models.idefics2.image_processing_idefics2_fast raised:
Traceback (most recent call last):
  File "/Users/bhuvanachandra/Desktop/iitj_chat_bot/.iitj/lib/python3.13/site-packages/streamlit/watcher/local_sources_watcher.py", line 330, in get_module_paths
    potential_paths = extract_paths(module)
  File "/Users/bhuvanachandra/Desktop/iitj_chat_bot/.iitj/lib/python3.13/site-packages/streamlit/watcher/local_sources_watcher.py", line 317, in <lambda>
    if hasattr(m, "__path__")
       ~~~~~~~^^^^^^^^^^^^^^^
  File "/Users/bhuvanachandra/Desktop/iitj_chat_bot/.iitj/lib/python3.13/site-packages/transformers/__init__.py", line 862, in _getattr
    return getattr(importlib.import_module(target, __name__), name)
                   ~~~~~~~~~~~~~~~~~~~~~~~^^^^^^^^^^^^^^^^^^
  File "/opt/homebrew/Caskroom/miniconda/base/lib/python3.13/importlib/__init__.py", line 88, in import_module
    return _bootstrap._gcd_import(name[level:], package, level)
           ~~~~~~~~~~~~~~~~~~~~~~^^^^^^^^^^^^^^^^^^^^^^^^^^^^^^
  File "<frozen importlib._bootstrap>", line 1387, in _gcd_import
  File "<frozen importlib._bootstrap>", line 1360, in _find_and_load
  File "<frozen importlib._bootstrap>", line 1331, in _find_and_load_unlocked
  File "<frozen importlib._bootstrap>", line 935, in _load_unlocked
  File "<frozen importlib._bootstrap_external>", line 1023, in exec_module
  File "<frozen importlib._bootstrap>", line 488, in _call_with_frames_removed
  File "/Users/bhuvanachandra/Desktop/iitj_chat_bot/.iitj/lib/python3.13/site-packages/transformers/models/idefics2/image_processing_idefics2.py", line 37, in <module>
    from torchvision.transforms.v2 import functional as tvF
ModuleNotFoundError: No module named 'torchvision'
2026-07-26 00:26:58.291 Examining the path of transformers.models.idefics3.image_processing_idefics3_fast raised:
Traceback (most recent call last):
  File "/Users/bhuvanachandra/Desktop/iitj_chat_bot/.iitj/lib/python3.13/site-packages/streamlit/watcher/local_sources_watcher.py", line 330, in get_module_paths
    potential_paths = extract_paths(module)
  File "/Users/bhuvanachandra/Desktop/iitj_chat_bot/.iitj/lib/python3.13/site-packages/streamlit/watcher/local_sources_watcher.py", line 317, in <lambda>
    if hasattr(m, "__path__")
       ~~~~~~~^^^^^^^^^^^^^^^
  File "/Users/bhuvanachandra/Desktop/iitj_chat_bot/.iitj/lib/python3.13/site-packages/transformers/__init__.py", line 862, in _getattr
    return getattr(importlib.import_module(target, __name__), name)
                   ~~~~~~~~~~~~~~~~~~~~~~~^^^^^^^^^^^^^^^^^^
  File "/opt/homebrew/Caskroom/miniconda/base/lib/python3.13/importlib/__init__.py", line 88, in import_module
    return _bootstrap._gcd_import(name[level:], package, level)
           ~~~~~~~~~~~~~~~~~~~~~~^^^^^^^^^^^^^^^^^^^^^^^^^^^^^^
  File "<frozen importlib._bootstrap>", line 1387, in _gcd_import
  File "<frozen importlib._bootstrap>", line 1360, in _find_and_load
  File "<frozen importlib._bootstrap>", line 1331, in _find_and_load_unlocked
  File "<frozen importlib._bootstrap>", line 935, in _load_unlocked
  File "<frozen importlib._bootstrap_external>", line 1023, in exec_module
  File "<frozen importlib._bootstrap>", line 488, in _call_with_frames_removed
  File "/Users/bhuvanachandra/Desktop/iitj_chat_bot/.iitj/lib/python3.13/site-packages/transformers/models/idefics3/image_processing_idefics3.py", line 20, in <module>
    from torchvision.transforms.v2 import functional as tvF
ModuleNotFoundError: No module named 'torchvision'
2026-07-26 00:26:58.294 Examining the path of transformers.models.imagegpt.image_processing_imagegpt_fast raised:
Traceback (most recent call last):
  File "/Users/bhuvanachandra/Desktop/iitj_chat_bot/.iitj/lib/python3.13/site-packages/streamlit/watcher/local_sources_watcher.py", line 330, in get_module_paths
    potential_paths = extract_paths(module)
  File "/Users/bhuvanachandra/Desktop/iitj_chat_bot/.iitj/lib/python3.13/site-packages/streamlit/watcher/local_sources_watcher.py", line 317, in <lambda>
    if hasattr(m, "__path__")
       ~~~~~~~^^^^^^^^^^^^^^^
  File "/Users/bhuvanachandra/Desktop/iitj_chat_bot/.iitj/lib/python3.13/site-packages/transformers/__init__.py", line 862, in _getattr
    return getattr(importlib.import_module(target, __name__), name)
                   ~~~~~~~~~~~~~~~~~~~~~~~^^^^^^^^^^^^^^^^^^
  File "/opt/homebrew/Caskroom/miniconda/base/lib/python3.13/importlib/__init__.py", line 88, in import_module
    return _bootstrap._gcd_import(name[level:], package, level)
           ~~~~~~~~~~~~~~~~~~~~~~^^^^^^^^^^^^^^^^^^^^^^^^^^^^^^
  File "<frozen importlib._bootstrap>", line 1387, in _gcd_import
  File "<frozen importlib._bootstrap>", line 1360, in _find_and_load
  File "<frozen importlib._bootstrap>", line 1331, in _find_and_load_unlocked
  File "<frozen importlib._bootstrap>", line 935, in _load_unlocked
  File "<frozen importlib._bootstrap_external>", line 1023, in exec_module
  File "<frozen importlib._bootstrap>", line 488, in _call_with_frames_removed
  File "/Users/bhuvanachandra/Desktop/iitj_chat_bot/.iitj/lib/python3.13/site-packages/transformers/models/imagegpt/image_processing_imagegpt.py", line 20, in <module>
    from torchvision.transforms.v2 import functional as tvF
ModuleNotFoundError: No module named 'torchvision'
2026-07-26 00:26:58.296 Examining the path of transformers.models.janus.image_processing_janus_fast raised:
Traceback (most recent call last):
  File "/Users/bhuvanachandra/Desktop/iitj_chat_bot/.iitj/lib/python3.13/site-packages/streamlit/watcher/local_sources_watcher.py", line 330, in get_module_paths
    potential_paths = extract_paths(module)
  File "/Users/bhuvanachandra/Desktop/iitj_chat_bot/.iitj/lib/python3.13/site-packages/streamlit/watcher/local_sources_watcher.py", line 317, in <lambda>
    if hasattr(m, "__path__")
       ~~~~~~~^^^^^^^^^^^^^^^
  File "/Users/bhuvanachandra/Desktop/iitj_chat_bot/.iitj/lib/python3.13/site-packages/transformers/__init__.py", line 862, in _getattr
    return getattr(importlib.import_module(target, __name__), name)
                   ~~~~~~~~~~~~~~~~~~~~~~~^^^^^^^^^^^^^^^^^^
  File "/opt/homebrew/Caskroom/miniconda/base/lib/python3.13/importlib/__init__.py", line 88, in import_module
    return _bootstrap._gcd_import(name[level:], package, level)
           ~~~~~~~~~~~~~~~~~~~~~~^^^^^^^^^^^^^^^^^^^^^^^^^^^^^^
  File "<frozen importlib._bootstrap>", line 1387, in _gcd_import
  File "<frozen importlib._bootstrap>", line 1360, in _find_and_load
  File "<frozen importlib._bootstrap>", line 1331, in _find_and_load_unlocked
  File "<frozen importlib._bootstrap>", line 935, in _load_unlocked
  File "<frozen importlib._bootstrap_external>", line 1023, in exec_module
  File "<frozen importlib._bootstrap>", line 488, in _call_with_frames_removed
  File "/Users/bhuvanachandra/Desktop/iitj_chat_bot/.iitj/lib/python3.13/site-packages/transformers/models/janus/image_processing_janus.py", line 17, in <module>
    import torchvision.transforms.v2.functional as tvF
ModuleNotFoundError: No module named 'torchvision'
2026-07-26 00:26:58.300 Examining the path of transformers.models.kimi_k25.image_processing_kimi_k25_fast raised:
Traceback (most recent call last):
  File "/Users/bhuvanachandra/Desktop/iitj_chat_bot/.iitj/lib/python3.13/site-packages/streamlit/watcher/local_sources_watcher.py", line 330, in get_module_paths
    potential_paths = extract_paths(module)
  File "/Users/bhuvanachandra/Desktop/iitj_chat_bot/.iitj/lib/python3.13/site-packages/streamlit/watcher/local_sources_watcher.py", line 317, in <lambda>
    if hasattr(m, "__path__")
       ~~~~~~~^^^^^^^^^^^^^^^
  File "/Users/bhuvanachandra/Desktop/iitj_chat_bot/.iitj/lib/python3.13/site-packages/transformers/__init__.py", line 862, in _getattr
    return getattr(importlib.import_module(target, __name__), name)
                   ~~~~~~~~~~~~~~~~~~~~~~~^^^^^^^^^^^^^^^^^^
  File "/opt/homebrew/Caskroom/miniconda/base/lib/python3.13/importlib/__init__.py", line 88, in import_module
    return _bootstrap._gcd_import(name[level:], package, level)
           ~~~~~~~~~~~~~~~~~~~~~~^^^^^^^^^^^^^^^^^^^^^^^^^^^^^^
  File "<frozen importlib._bootstrap>", line 1387, in _gcd_import
  File "<frozen importlib._bootstrap>", line 1360, in _find_and_load
  File "<frozen importlib._bootstrap>", line 1331, in _find_and_load_unlocked
  File "<frozen importlib._bootstrap>", line 935, in _load_unlocked
  File "<frozen importlib._bootstrap_external>", line 1023, in exec_module
  File "<frozen importlib._bootstrap>", line 488, in _call_with_frames_removed
  File "/Users/bhuvanachandra/Desktop/iitj_chat_bot/.iitj/lib/python3.13/site-packages/transformers/models/kimi_k25/image_processing_kimi_k25.py", line 19, in <module>
    from torchvision.transforms.v2 import functional as tvF
ModuleNotFoundError: No module named 'torchvision'
2026-07-26 00:26:58.309 Examining the path of transformers.models.layoutlmv2.image_processing_layoutlmv2_fast raised:
Traceback (most recent call last):
  File "/Users/bhuvanachandra/Desktop/iitj_chat_bot/.iitj/lib/python3.13/site-packages/streamlit/watcher/local_sources_watcher.py", line 330, in get_module_paths
    potential_paths = extract_paths(module)
  File "/Users/bhuvanachandra/Desktop/iitj_chat_bot/.iitj/lib/python3.13/site-packages/streamlit/watcher/local_sources_watcher.py", line 317, in <lambda>
    if hasattr(m, "__path__")
       ~~~~~~~^^^^^^^^^^^^^^^
  File "/Users/bhuvanachandra/Desktop/iitj_chat_bot/.iitj/lib/python3.13/site-packages/transformers/__init__.py", line 862, in _getattr
    return getattr(importlib.import_module(target, __name__), name)
                   ~~~~~~~~~~~~~~~~~~~~~~~^^^^^^^^^^^^^^^^^^
  File "/opt/homebrew/Caskroom/miniconda/base/lib/python3.13/importlib/__init__.py", line 88, in import_module
    return _bootstrap._gcd_import(name[level:], package, level)
           ~~~~~~~~~~~~~~~~~~~~~~^^^^^^^^^^^^^^^^^^^^^^^^^^^^^^
  File "<frozen importlib._bootstrap>", line 1387, in _gcd_import
  File "<frozen importlib._bootstrap>", line 1360, in _find_and_load
  File "<frozen importlib._bootstrap>", line 1331, in _find_and_load_unlocked
  File "<frozen importlib._bootstrap>", line 935, in _load_unlocked
  File "<frozen importlib._bootstrap_external>", line 1023, in exec_module
  File "<frozen importlib._bootstrap>", line 488, in _call_with_frames_removed
  File "/Users/bhuvanachandra/Desktop/iitj_chat_bot/.iitj/lib/python3.13/site-packages/transformers/models/layoutlmv2/image_processing_layoutlmv2.py", line 36, in <module>
    from torchvision.transforms.v2 import functional as tvF
ModuleNotFoundError: No module named 'torchvision'
2026-07-26 00:26:58.313 Examining the path of transformers.models.layoutlmv3.image_processing_layoutlmv3_fast raised:
Traceback (most recent call last):
  File "/Users/bhuvanachandra/Desktop/iitj_chat_bot/.iitj/lib/python3.13/site-packages/streamlit/watcher/local_sources_watcher.py", line 330, in get_module_paths
    potential_paths = extract_paths(module)
  File "/Users/bhuvanachandra/Desktop/iitj_chat_bot/.iitj/lib/python3.13/site-packages/streamlit/watcher/local_sources_watcher.py", line 317, in <lambda>
    if hasattr(m, "__path__")
       ~~~~~~~^^^^^^^^^^^^^^^
  File "/Users/bhuvanachandra/Desktop/iitj_chat_bot/.iitj/lib/python3.13/site-packages/transformers/__init__.py", line 862, in _getattr
    return getattr(importlib.import_module(target, __name__), name)
                   ~~~~~~~~~~~~~~~~~~~~~~~^^^^^^^^^^^^^^^^^^
  File "/opt/homebrew/Caskroom/miniconda/base/lib/python3.13/importlib/__init__.py", line 88, in import_module
    return _bootstrap._gcd_import(name[level:], package, level)
           ~~~~~~~~~~~~~~~~~~~~~~^^^^^^^^^^^^^^^^^^^^^^^^^^^^^^
  File "<frozen importlib._bootstrap>", line 1387, in _gcd_import
  File "<frozen importlib._bootstrap>", line 1360, in _find_and_load
  File "<frozen importlib._bootstrap>", line 1331, in _find_and_load_unlocked
  File "<frozen importlib._bootstrap>", line 935, in _load_unlocked
  File "<frozen importlib._bootstrap_external>", line 1023, in exec_module
  File "<frozen importlib._bootstrap>", line 488, in _call_with_frames_removed
  File "/Users/bhuvanachandra/Desktop/iitj_chat_bot/.iitj/lib/python3.13/site-packages/transformers/models/layoutlmv3/image_processing_layoutlmv3.py", line 42, in <module>
    from torchvision.transforms.v2 import functional as tvF
ModuleNotFoundError: No module named 'torchvision'
2026-07-26 00:26:58.316 Examining the path of transformers.models.levit.image_processing_levit_fast raised:
Traceback (most recent call last):
  File "/Users/bhuvanachandra/Desktop/iitj_chat_bot/.iitj/lib/python3.13/site-packages/streamlit/watcher/local_sources_watcher.py", line 330, in get_module_paths
    potential_paths = extract_paths(module)
  File "/Users/bhuvanachandra/Desktop/iitj_chat_bot/.iitj/lib/python3.13/site-packages/streamlit/watcher/local_sources_watcher.py", line 317, in <lambda>
    if hasattr(m, "__path__")
       ~~~~~~~^^^^^^^^^^^^^^^
  File "/Users/bhuvanachandra/Desktop/iitj_chat_bot/.iitj/lib/python3.13/site-packages/transformers/__init__.py", line 862, in _getattr
    return getattr(importlib.import_module(target, __name__), name)
                   ~~~~~~~~~~~~~~~~~~~~~~~^^^^^^^^^^^^^^^^^^
  File "/opt/homebrew/Caskroom/miniconda/base/lib/python3.13/importlib/__init__.py", line 88, in import_module
    return _bootstrap._gcd_import(name[level:], package, level)
           ~~~~~~~~~~~~~~~~~~~~~~^^^^^^^^^^^^^^^^^^^^^^^^^^^^^^
  File "<frozen importlib._bootstrap>", line 1387, in _gcd_import
  File "<frozen importlib._bootstrap>", line 1360, in _find_and_load
  File "<frozen importlib._bootstrap>", line 1331, in _find_and_load_unlocked
  File "<frozen importlib._bootstrap>", line 935, in _load_unlocked
  File "<frozen importlib._bootstrap_external>", line 1023, in exec_module
  File "<frozen importlib._bootstrap>", line 488, in _call_with_frames_removed
  File "/Users/bhuvanachandra/Desktop/iitj_chat_bot/.iitj/lib/python3.13/site-packages/transformers/models/levit/image_processing_levit.py", line 17, in <module>
    from torchvision.transforms.v2 import functional as tvF
ModuleNotFoundError: No module named 'torchvision'
2026-07-26 00:26:58.318 Examining the path of transformers.models.lfm2_vl.image_processing_lfm2_vl_fast raised:
Traceback (most recent call last):
  File "/Users/bhuvanachandra/Desktop/iitj_chat_bot/.iitj/lib/python3.13/site-packages/streamlit/watcher/local_sources_watcher.py", line 330, in get_module_paths
    potential_paths = extract_paths(module)
  File "/Users/bhuvanachandra/Desktop/iitj_chat_bot/.iitj/lib/python3.13/site-packages/streamlit/watcher/local_sources_watcher.py", line 317, in <lambda>
    if hasattr(m, "__path__")
       ~~~~~~~^^^^^^^^^^^^^^^
  File "/Users/bhuvanachandra/Desktop/iitj_chat_bot/.iitj/lib/python3.13/site-packages/transformers/__init__.py", line 862, in _getattr
    return getattr(importlib.import_module(target, __name__), name)
                   ~~~~~~~~~~~~~~~~~~~~~~~^^^^^^^^^^^^^^^^^^
  File "/opt/homebrew/Caskroom/miniconda/base/lib/python3.13/importlib/__init__.py", line 88, in import_module
    return _bootstrap._gcd_import(name[level:], package, level)
           ~~~~~~~~~~~~~~~~~~~~~~^^^^^^^^^^^^^^^^^^^^^^^^^^^^^^
  File "<frozen importlib._bootstrap>", line 1387, in _gcd_import
  File "<frozen importlib._bootstrap>", line 1360, in _find_and_load
  File "<frozen importlib._bootstrap>", line 1331, in _find_and_load_unlocked
  File "<frozen importlib._bootstrap>", line 935, in _load_unlocked
  File "<frozen importlib._bootstrap_external>", line 1023, in exec_module
  File "<frozen importlib._bootstrap>", line 488, in _call_with_frames_removed
  File "/Users/bhuvanachandra/Desktop/iitj_chat_bot/.iitj/lib/python3.13/site-packages/transformers/models/lfm2_vl/image_processing_lfm2_vl.py", line 18, in <module>
    from torchvision.transforms.v2 import functional as tvF
ModuleNotFoundError: No module named 'torchvision'
2026-07-26 00:26:58.319 Examining the path of transformers.models.lightglue.image_processing_lightglue_fast raised:
Traceback (most recent call last):
  File "/Users/bhuvanachandra/Desktop/iitj_chat_bot/.iitj/lib/python3.13/site-packages/streamlit/watcher/local_sources_watcher.py", line 330, in get_module_paths
    potential_paths = extract_paths(module)
  File "/Users/bhuvanachandra/Desktop/iitj_chat_bot/.iitj/lib/python3.13/site-packages/streamlit/watcher/local_sources_watcher.py", line 317, in <lambda>
    if hasattr(m, "__path__")
       ~~~~~~~^^^^^^^^^^^^^^^
  File "/Users/bhuvanachandra/Desktop/iitj_chat_bot/.iitj/lib/python3.13/site-packages/transformers/__init__.py", line 862, in _getattr
    return getattr(importlib.import_module(target, __name__), name)
                   ~~~~~~~~~~~~~~~~~~~~~~~^^^^^^^^^^^^^^^^^^
  File "/opt/homebrew/Caskroom/miniconda/base/lib/python3.13/importlib/__init__.py", line 88, in import_module
    return _bootstrap._gcd_import(name[level:], package, level)
           ~~~~~~~~~~~~~~~~~~~~~~^^^^^^^^^^^^^^^^^^^^^^^^^^^^^^
  File "<frozen importlib._bootstrap>", line 1387, in _gcd_import
  File "<frozen importlib._bootstrap>", line 1360, in _find_and_load
  File "<frozen importlib._bootstrap>", line 1331, in _find_and_load_unlocked
  File "<frozen importlib._bootstrap>", line 935, in _load_unlocked
  File "<frozen importlib._bootstrap_external>", line 1023, in exec_module
  File "<frozen importlib._bootstrap>", line 488, in _call_with_frames_removed
  File "/Users/bhuvanachandra/Desktop/iitj_chat_bot/.iitj/lib/python3.13/site-packages/transformers/models/lightglue/image_processing_lightglue.py", line 24, in <module>
    from torchvision.transforms.v2 import functional as tvF
ModuleNotFoundError: No module named 'torchvision'
2026-07-26 00:26:58.326 Examining the path of transformers.models.llama4.image_processing_llama4_fast raised:
Traceback (most recent call last):
  File "/Users/bhuvanachandra/Desktop/iitj_chat_bot/.iitj/lib/python3.13/site-packages/streamlit/watcher/local_sources_watcher.py", line 330, in get_module_paths
    potential_paths = extract_paths(module)
  File "/Users/bhuvanachandra/Desktop/iitj_chat_bot/.iitj/lib/python3.13/site-packages/streamlit/watcher/local_sources_watcher.py", line 317, in <lambda>
    if hasattr(m, "__path__")
       ~~~~~~~^^^^^^^^^^^^^^^
  File "/Users/bhuvanachandra/Desktop/iitj_chat_bot/.iitj/lib/python3.13/site-packages/transformers/__init__.py", line 862, in _getattr
    return getattr(importlib.import_module(target, __name__), name)
                   ~~~~~~~~~~~~~~~~~~~~~~~^^^^^^^^^^^^^^^^^^
  File "/opt/homebrew/Caskroom/miniconda/base/lib/python3.13/importlib/__init__.py", line 88, in import_module
    return _bootstrap._gcd_import(name[level:], package, level)
           ~~~~~~~~~~~~~~~~~~~~~~^^^^^^^^^^^^^^^^^^^^^^^^^^^^^^
  File "<frozen importlib._bootstrap>", line 1387, in _gcd_import
  File "<frozen importlib._bootstrap>", line 1360, in _find_and_load
  File "<frozen importlib._bootstrap>", line 1331, in _find_and_load_unlocked
  File "<frozen importlib._bootstrap>", line 935, in _load_unlocked
  File "<frozen importlib._bootstrap_external>", line 1023, in exec_module
  File "<frozen importlib._bootstrap>", line 488, in _call_with_frames_removed
  File "/Users/bhuvanachandra/Desktop/iitj_chat_bot/.iitj/lib/python3.13/site-packages/transformers/models/llama4/image_processing_llama4.py", line 21, in <module>
    from torchvision.transforms.v2 import functional as tvF
ModuleNotFoundError: No module named 'torchvision'
2026-07-26 00:26:58.327 Examining the path of transformers.models.llava.image_processing_llava_fast raised:
Traceback (most recent call last):
  File "/Users/bhuvanachandra/Desktop/iitj_chat_bot/.iitj/lib/python3.13/site-packages/streamlit/watcher/local_sources_watcher.py", line 330, in get_module_paths
    potential_paths = extract_paths(module)
  File "/Users/bhuvanachandra/Desktop/iitj_chat_bot/.iitj/lib/python3.13/site-packages/streamlit/watcher/local_sources_watcher.py", line 317, in <lambda>
    if hasattr(m, "__path__")
       ~~~~~~~^^^^^^^^^^^^^^^
  File "/Users/bhuvanachandra/Desktop/iitj_chat_bot/.iitj/lib/python3.13/site-packages/transformers/__init__.py", line 862, in _getattr
    return getattr(importlib.import_module(target, __name__), name)
                   ~~~~~~~~~~~~~~~~~~~~~~~^^^^^^^^^^^^^^^^^^
  File "/opt/homebrew/Caskroom/miniconda/base/lib/python3.13/importlib/__init__.py", line 88, in import_module
    return _bootstrap._gcd_import(name[level:], package, level)
           ~~~~~~~~~~~~~~~~~~~~~~^^^^^^^^^^^^^^^^^^^^^^^^^^^^^^
  File "<frozen importlib._bootstrap>", line 1387, in _gcd_import
  File "<frozen importlib._bootstrap>", line 1360, in _find_and_load
  File "<frozen importlib._bootstrap>", line 1331, in _find_and_load_unlocked
  File "<frozen importlib._bootstrap>", line 935, in _load_unlocked
  File "<frozen importlib._bootstrap_external>", line 1023, in exec_module
  File "<frozen importlib._bootstrap>", line 488, in _call_with_frames_removed
  File "/Users/bhuvanachandra/Desktop/iitj_chat_bot/.iitj/lib/python3.13/site-packages/transformers/models/llava/image_processing_llava.py", line 19, in <module>
    from torchvision.transforms.v2 import functional as tvF
ModuleNotFoundError: No module named 'torchvision'
2026-07-26 00:26:58.329 Examining the path of transformers.models.llava_next.image_processing_llava_next_fast raised:
Traceback (most recent call last):
  File "/Users/bhuvanachandra/Desktop/iitj_chat_bot/.iitj/lib/python3.13/site-packages/streamlit/watcher/local_sources_watcher.py", line 330, in get_module_paths
    potential_paths = extract_paths(module)
  File "/Users/bhuvanachandra/Desktop/iitj_chat_bot/.iitj/lib/python3.13/site-packages/streamlit/watcher/local_sources_watcher.py", line 317, in <lambda>
    if hasattr(m, "__path__")
       ~~~~~~~^^^^^^^^^^^^^^^
  File "/Users/bhuvanachandra/Desktop/iitj_chat_bot/.iitj/lib/python3.13/site-packages/transformers/__init__.py", line 862, in _getattr
    return getattr(importlib.import_module(target, __name__), name)
                   ~~~~~~~~~~~~~~~~~~~~~~~^^^^^^^^^^^^^^^^^^
  File "/opt/homebrew/Caskroom/miniconda/base/lib/python3.13/importlib/__init__.py", line 88, in import_module
    return _bootstrap._gcd_import(name[level:], package, level)
           ~~~~~~~~~~~~~~~~~~~~~~^^^^^^^^^^^^^^^^^^^^^^^^^^^^^^
  File "<frozen importlib._bootstrap>", line 1387, in _gcd_import
  File "<frozen importlib._bootstrap>", line 1360, in _find_and_load
  File "<frozen importlib._bootstrap>", line 1331, in _find_and_load_unlocked
  File "<frozen importlib._bootstrap>", line 935, in _load_unlocked
  File "<frozen importlib._bootstrap_external>", line 1023, in exec_module
  File "<frozen importlib._bootstrap>", line 488, in _call_with_frames_removed
  File "/Users/bhuvanachandra/Desktop/iitj_chat_bot/.iitj/lib/python3.13/site-packages/transformers/models/llava_next/image_processing_llava_next.py", line 19, in <module>
    from torchvision.transforms.v2 import functional as tvF
ModuleNotFoundError: No module named 'torchvision'
2026-07-26 00:26:58.332 Examining the path of transformers.models.llava_onevision.image_processing_llava_onevision_fast raised:
Traceback (most recent call last):
  File "/Users/bhuvanachandra/Desktop/iitj_chat_bot/.iitj/lib/python3.13/site-packages/streamlit/watcher/local_sources_watcher.py", line 330, in get_module_paths
    potential_paths = extract_paths(module)
  File "/Users/bhuvanachandra/Desktop/iitj_chat_bot/.iitj/lib/python3.13/site-packages/streamlit/watcher/local_sources_watcher.py", line 317, in <lambda>
    if hasattr(m, "__path__")
       ~~~~~~~^^^^^^^^^^^^^^^
  File "/Users/bhuvanachandra/Desktop/iitj_chat_bot/.iitj/lib/python3.13/site-packages/transformers/__init__.py", line 862, in _getattr
    return getattr(importlib.import_module(target, __name__), name)
                   ~~~~~~~~~~~~~~~~~~~~~~~^^^^^^^^^^^^^^^^^^
  File "/opt/homebrew/Caskroom/miniconda/base/lib/python3.13/importlib/__init__.py", line 88, in import_module
    return _bootstrap._gcd_import(name[level:], package, level)
           ~~~~~~~~~~~~~~~~~~~~~~^^^^^^^^^^^^^^^^^^^^^^^^^^^^^^
  File "<frozen importlib._bootstrap>", line 1387, in _gcd_import
  File "<frozen importlib._bootstrap>", line 1360, in _find_and_load
  File "<frozen importlib._bootstrap>", line 1331, in _find_and_load_unlocked
  File "<frozen importlib._bootstrap>", line 935, in _load_unlocked
  File "<frozen importlib._bootstrap_external>", line 1023, in exec_module
  File "<frozen importlib._bootstrap>", line 488, in _call_with_frames_removed
  File "/Users/bhuvanachandra/Desktop/iitj_chat_bot/.iitj/lib/python3.13/site-packages/transformers/models/llava_onevision/image_processing_llava_onevision.py", line 24, in <module>
    import torchvision.transforms.v2.functional as tvF
ModuleNotFoundError: No module named 'torchvision'
2026-07-26 00:26:58.335 Examining the path of transformers.models.mask2former.image_processing_mask2former_fast raised:
Traceback (most recent call last):
  File "/Users/bhuvanachandra/Desktop/iitj_chat_bot/.iitj/lib/python3.13/site-packages/streamlit/watcher/local_sources_watcher.py", line 330, in get_module_paths
    potential_paths = extract_paths(module)
  File "/Users/bhuvanachandra/Desktop/iitj_chat_bot/.iitj/lib/python3.13/site-packages/streamlit/watcher/local_sources_watcher.py", line 317, in <lambda>
    if hasattr(m, "__path__")
       ~~~~~~~^^^^^^^^^^^^^^^
  File "/Users/bhuvanachandra/Desktop/iitj_chat_bot/.iitj/lib/python3.13/site-packages/transformers/__init__.py", line 862, in _getattr
    return getattr(importlib.import_module(target, __name__), name)
                   ~~~~~~~~~~~~~~~~~~~~~~~^^^^^^^^^^^^^^^^^^
  File "/opt/homebrew/Caskroom/miniconda/base/lib/python3.13/importlib/__init__.py", line 88, in import_module
    return _bootstrap._gcd_import(name[level:], package, level)
           ~~~~~~~~~~~~~~~~~~~~~~^^^^^^^^^^^^^^^^^^^^^^^^^^^^^^
  File "<frozen importlib._bootstrap>", line 1387, in _gcd_import
  File "<frozen importlib._bootstrap>", line 1360, in _find_and_load
  File "<frozen importlib._bootstrap>", line 1331, in _find_and_load_unlocked
  File "<frozen importlib._bootstrap>", line 935, in _load_unlocked
  File "<frozen importlib._bootstrap_external>", line 1023, in exec_module
  File "<frozen importlib._bootstrap>", line 488, in _call_with_frames_removed
  File "/Users/bhuvanachandra/Desktop/iitj_chat_bot/.iitj/lib/python3.13/site-packages/transformers/models/mask2former/image_processing_mask2former.py", line 27, in <module>
    from torchvision.transforms.v2 import functional as tvF
ModuleNotFoundError: No module named 'torchvision'
2026-07-26 00:26:58.340 Examining the path of transformers.models.maskformer.image_processing_maskformer_fast raised:
Traceback (most recent call last):
  File "/Users/bhuvanachandra/Desktop/iitj_chat_bot/.iitj/lib/python3.13/site-packages/streamlit/watcher/local_sources_watcher.py", line 330, in get_module_paths
    potential_paths = extract_paths(module)
  File "/Users/bhuvanachandra/Desktop/iitj_chat_bot/.iitj/lib/python3.13/site-packages/streamlit/watcher/local_sources_watcher.py", line 317, in <lambda>
    if hasattr(m, "__path__")
       ~~~~~~~^^^^^^^^^^^^^^^
  File "/Users/bhuvanachandra/Desktop/iitj_chat_bot/.iitj/lib/python3.13/site-packages/transformers/__init__.py", line 862, in _getattr
    return getattr(importlib.import_module(target, __name__), name)
                   ~~~~~~~~~~~~~~~~~~~~~~~^^^^^^^^^^^^^^^^^^
  File "/opt/homebrew/Caskroom/miniconda/base/lib/python3.13/importlib/__init__.py", line 88, in import_module
    return _bootstrap._gcd_import(name[level:], package, level)
           ~~~~~~~~~~~~~~~~~~~~~~^^^^^^^^^^^^^^^^^^^^^^^^^^^^^^
  File "<frozen importlib._bootstrap>", line 1387, in _gcd_import
  File "<frozen importlib._bootstrap>", line 1360, in _find_and_load
  File "<frozen importlib._bootstrap>", line 1331, in _find_and_load_unlocked
  File "<frozen importlib._bootstrap>", line 935, in _load_unlocked
  File "<frozen importlib._bootstrap_external>", line 1023, in exec_module
  File "<frozen importlib._bootstrap>", line 488, in _call_with_frames_removed
  File "/Users/bhuvanachandra/Desktop/iitj_chat_bot/.iitj/lib/python3.13/site-packages/transformers/models/maskformer/image_processing_maskformer.py", line 22, in <module>
    from torchvision.transforms.v2 import functional as tvF
ModuleNotFoundError: No module named 'torchvision'
2026-07-26 00:26:58.348 Examining the path of transformers.models.minimax_m3_vl.image_processing_minimax_m3_vl_fast raised:
Traceback (most recent call last):
  File "/Users/bhuvanachandra/Desktop/iitj_chat_bot/.iitj/lib/python3.13/site-packages/streamlit/watcher/local_sources_watcher.py", line 330, in get_module_paths
    potential_paths = extract_paths(module)
  File "/Users/bhuvanachandra/Desktop/iitj_chat_bot/.iitj/lib/python3.13/site-packages/streamlit/watcher/local_sources_watcher.py", line 317, in <lambda>
    if hasattr(m, "__path__")
       ~~~~~~~^^^^^^^^^^^^^^^
  File "/Users/bhuvanachandra/Desktop/iitj_chat_bot/.iitj/lib/python3.13/site-packages/transformers/__init__.py", line 862, in _getattr
    return getattr(importlib.import_module(target, __name__), name)
                   ~~~~~~~~~~~~~~~~~~~~~~~^^^^^^^^^^^^^^^^^^
  File "/opt/homebrew/Caskroom/miniconda/base/lib/python3.13/importlib/__init__.py", line 88, in import_module
    return _bootstrap._gcd_import(name[level:], package, level)
           ~~~~~~~~~~~~~~~~~~~~~~^^^^^^^^^^^^^^^^^^^^^^^^^^^^^^
  File "<frozen importlib._bootstrap>", line 1387, in _gcd_import
  File "<frozen importlib._bootstrap>", line 1360, in _find_and_load
  File "<frozen importlib._bootstrap>", line 1331, in _find_and_load_unlocked
  File "<frozen importlib._bootstrap>", line 935, in _load_unlocked
  File "<frozen importlib._bootstrap_external>", line 1023, in exec_module
  File "<frozen importlib._bootstrap>", line 488, in _call_with_frames_removed
  File "/Users/bhuvanachandra/Desktop/iitj_chat_bot/.iitj/lib/python3.13/site-packages/transformers/models/minimax_m3_vl/image_processing_minimax_m3_vl.py", line 18, in <module>
    from torchvision.transforms.v2 import functional as tvF
ModuleNotFoundError: No module named 'torchvision'
2026-07-26 00:26:58.350 Examining the path of transformers.models.mllama.image_processing_mllama_fast raised:
Traceback (most recent call last):
  File "/Users/bhuvanachandra/Desktop/iitj_chat_bot/.iitj/lib/python3.13/site-packages/streamlit/watcher/local_sources_watcher.py", line 330, in get_module_paths
    potential_paths = extract_paths(module)
  File "/Users/bhuvanachandra/Desktop/iitj_chat_bot/.iitj/lib/python3.13/site-packages/streamlit/watcher/local_sources_watcher.py", line 317, in <lambda>
    if hasattr(m, "__path__")
       ~~~~~~~^^^^^^^^^^^^^^^
  File "/Users/bhuvanachandra/Desktop/iitj_chat_bot/.iitj/lib/python3.13/site-packages/transformers/__init__.py", line 862, in _getattr
    return getattr(importlib.import_module(target, __name__), name)
                   ~~~~~~~~~~~~~~~~~~~~~~~^^^^^^^^^^^^^^^^^^
  File "/opt/homebrew/Caskroom/miniconda/base/lib/python3.13/importlib/__init__.py", line 88, in import_module
    return _bootstrap._gcd_import(name[level:], package, level)
           ~~~~~~~~~~~~~~~~~~~~~~^^^^^^^^^^^^^^^^^^^^^^^^^^^^^^
  File "<frozen importlib._bootstrap>", line 1387, in _gcd_import
  File "<frozen importlib._bootstrap>", line 1360, in _find_and_load
  File "<frozen importlib._bootstrap>", line 1331, in _find_and_load_unlocked
  File "<frozen importlib._bootstrap>", line 935, in _load_unlocked
  File "<frozen importlib._bootstrap_external>", line 1023, in exec_module
  File "<frozen importlib._bootstrap>", line 488, in _call_with_frames_removed
  File "/Users/bhuvanachandra/Desktop/iitj_chat_bot/.iitj/lib/python3.13/site-packages/transformers/models/mllama/image_processing_mllama.py", line 40, in <module>
    from torchvision.transforms.v2 import functional as tvF
ModuleNotFoundError: No module named 'torchvision'
2026-07-26 00:26:58.356 Examining the path of transformers.models.mobilenet_v2.image_processing_mobilenet_v2_fast raised:
Traceback (most recent call last):
  File "/Users/bhuvanachandra/Desktop/iitj_chat_bot/.iitj/lib/python3.13/site-packages/streamlit/watcher/local_sources_watcher.py", line 330, in get_module_paths
    potential_paths = extract_paths(module)
  File "/Users/bhuvanachandra/Desktop/iitj_chat_bot/.iitj/lib/python3.13/site-packages/streamlit/watcher/local_sources_watcher.py", line 317, in <lambda>
    if hasattr(m, "__path__")
       ~~~~~~~^^^^^^^^^^^^^^^
  File "/Users/bhuvanachandra/Desktop/iitj_chat_bot/.iitj/lib/python3.13/site-packages/transformers/__init__.py", line 862, in _getattr
    return getattr(importlib.import_module(target, __name__), name)
                   ~~~~~~~~~~~~~~~~~~~~~~~^^^^^^^^^^^^^^^^^^
  File "/opt/homebrew/Caskroom/miniconda/base/lib/python3.13/importlib/__init__.py", line 88, in import_module
    return _bootstrap._gcd_import(name[level:], package, level)
           ~~~~~~~~~~~~~~~~~~~~~~^^^^^^^^^^^^^^^^^^^^^^^^^^^^^^
  File "<frozen importlib._bootstrap>", line 1387, in _gcd_import
  File "<frozen importlib._bootstrap>", line 1360, in _find_and_load
  File "<frozen importlib._bootstrap>", line 1331, in _find_and_load_unlocked
  File "<frozen importlib._bootstrap>", line 935, in _load_unlocked
  File "<frozen importlib._bootstrap_external>", line 1023, in exec_module
  File "<frozen importlib._bootstrap>", line 488, in _call_with_frames_removed
  File "/Users/bhuvanachandra/Desktop/iitj_chat_bot/.iitj/lib/python3.13/site-packages/transformers/models/mobilenet_v2/image_processing_mobilenet_v2.py", line 19, in <module>
    from torchvision.transforms.v2 import functional as tvF
ModuleNotFoundError: No module named 'torchvision'
2026-07-26 00:26:58.359 Examining the path of transformers.models.mobilevit.image_processing_mobilevit_fast raised:
Traceback (most recent call last):
  File "/Users/bhuvanachandra/Desktop/iitj_chat_bot/.iitj/lib/python3.13/site-packages/streamlit/watcher/local_sources_watcher.py", line 330, in get_module_paths
    potential_paths = extract_paths(module)
  File "/Users/bhuvanachandra/Desktop/iitj_chat_bot/.iitj/lib/python3.13/site-packages/streamlit/watcher/local_sources_watcher.py", line 317, in <lambda>
    if hasattr(m, "__path__")
       ~~~~~~~^^^^^^^^^^^^^^^
  File "/Users/bhuvanachandra/Desktop/iitj_chat_bot/.iitj/lib/python3.13/site-packages/transformers/__init__.py", line 862, in _getattr
    return getattr(importlib.import_module(target, __name__), name)
                   ~~~~~~~~~~~~~~~~~~~~~~~^^^^^^^^^^^^^^^^^^
  File "/opt/homebrew/Caskroom/miniconda/base/lib/python3.13/importlib/__init__.py", line 88, in import_module
    return _bootstrap._gcd_import(name[level:], package, level)
           ~~~~~~~~~~~~~~~~~~~~~~^^^^^^^^^^^^^^^^^^^^^^^^^^^^^^
  File "<frozen importlib._bootstrap>", line 1387, in _gcd_import
  File "<frozen importlib._bootstrap>", line 1360, in _find_and_load
  File "<frozen importlib._bootstrap>", line 1331, in _find_and_load_unlocked
  File "<frozen importlib._bootstrap>", line 935, in _load_unlocked
  File "<frozen importlib._bootstrap_external>", line 1023, in exec_module
  File "<frozen importlib._bootstrap>", line 488, in _call_with_frames_removed
  File "/Users/bhuvanachandra/Desktop/iitj_chat_bot/.iitj/lib/python3.13/site-packages/transformers/models/mobilevit/image_processing_mobilevit.py", line 19, in <module>
    from torchvision.transforms.v2 import functional as tvF
ModuleNotFoundError: No module named 'torchvision'
2026-07-26 00:26:58.362 Examining the path of transformers.models.nougat.image_processing_nougat_fast raised:
Traceback (most recent call last):
  File "/Users/bhuvanachandra/Desktop/iitj_chat_bot/.iitj/lib/python3.13/site-packages/streamlit/watcher/local_sources_watcher.py", line 330, in get_module_paths
    potential_paths = extract_paths(module)
  File "/Users/bhuvanachandra/Desktop/iitj_chat_bot/.iitj/lib/python3.13/site-packages/streamlit/watcher/local_sources_watcher.py", line 317, in <lambda>
    if hasattr(m, "__path__")
       ~~~~~~~^^^^^^^^^^^^^^^
  File "/Users/bhuvanachandra/Desktop/iitj_chat_bot/.iitj/lib/python3.13/site-packages/transformers/__init__.py", line 862, in _getattr
    return getattr(importlib.import_module(target, __name__), name)
                   ~~~~~~~~~~~~~~~~~~~~~~~^^^^^^^^^^^^^^^^^^
  File "/opt/homebrew/Caskroom/miniconda/base/lib/python3.13/importlib/__init__.py", line 88, in import_module
    return _bootstrap._gcd_import(name[level:], package, level)
           ~~~~~~~~~~~~~~~~~~~~~~^^^^^^^^^^^^^^^^^^^^^^^^^^^^^^
  File "<frozen importlib._bootstrap>", line 1387, in _gcd_import
  File "<frozen importlib._bootstrap>", line 1360, in _find_and_load
  File "<frozen importlib._bootstrap>", line 1331, in _find_and_load_unlocked
  File "<frozen importlib._bootstrap>", line 935, in _load_unlocked
  File "<frozen importlib._bootstrap_external>", line 1023, in exec_module
  File "<frozen importlib._bootstrap>", line 488, in _call_with_frames_removed
  File "/Users/bhuvanachandra/Desktop/iitj_chat_bot/.iitj/lib/python3.13/site-packages/transformers/models/nougat/image_processing_nougat.py", line 17, in <module>
    from torchvision.transforms.v2 import functional as tvF
ModuleNotFoundError: No module named 'torchvision'
2026-07-26 00:26:58.365 Examining the path of transformers.models.oneformer.image_processing_oneformer_fast raised:
Traceback (most recent call last):
  File "/Users/bhuvanachandra/Desktop/iitj_chat_bot/.iitj/lib/python3.13/site-packages/streamlit/watcher/local_sources_watcher.py", line 330, in get_module_paths
    potential_paths = extract_paths(module)
  File "/Users/bhuvanachandra/Desktop/iitj_chat_bot/.iitj/lib/python3.13/site-packages/streamlit/watcher/local_sources_watcher.py", line 317, in <lambda>
    if hasattr(m, "__path__")
       ~~~~~~~^^^^^^^^^^^^^^^
  File "/Users/bhuvanachandra/Desktop/iitj_chat_bot/.iitj/lib/python3.13/site-packages/transformers/__init__.py", line 862, in _getattr
    return getattr(importlib.import_module(target, __name__), name)
                   ~~~~~~~~~~~~~~~~~~~~~~~^^^^^^^^^^^^^^^^^^
  File "/opt/homebrew/Caskroom/miniconda/base/lib/python3.13/importlib/__init__.py", line 88, in import_module
    return _bootstrap._gcd_import(name[level:], package, level)
           ~~~~~~~~~~~~~~~~~~~~~~^^^^^^^^^^^^^^^^^^^^^^^^^^^^^^
  File "<frozen importlib._bootstrap>", line 1387, in _gcd_import
  File "<frozen importlib._bootstrap>", line 1360, in _find_and_load
  File "<frozen importlib._bootstrap>", line 1331, in _find_and_load_unlocked
  File "<frozen importlib._bootstrap>", line 935, in _load_unlocked
  File "<frozen importlib._bootstrap_external>", line 1023, in exec_module
  File "<frozen importlib._bootstrap>", line 488, in _call_with_frames_removed
  File "/Users/bhuvanachandra/Desktop/iitj_chat_bot/.iitj/lib/python3.13/site-packages/transformers/models/oneformer/image_processing_oneformer.py", line 23, in <module>
    from torchvision.transforms.v2 import functional as tvF
ModuleNotFoundError: No module named 'torchvision'
2026-07-26 00:26:58.370 Examining the path of transformers.models.ovis2.image_processing_ovis2_fast raised:
Traceback (most recent call last):
  File "/Users/bhuvanachandra/Desktop/iitj_chat_bot/.iitj/lib/python3.13/site-packages/streamlit/watcher/local_sources_watcher.py", line 330, in get_module_paths
    potential_paths = extract_paths(module)
  File "/Users/bhuvanachandra/Desktop/iitj_chat_bot/.iitj/lib/python3.13/site-packages/streamlit/watcher/local_sources_watcher.py", line 317, in <lambda>
    if hasattr(m, "__path__")
       ~~~~~~~^^^^^^^^^^^^^^^
  File "/Users/bhuvanachandra/Desktop/iitj_chat_bot/.iitj/lib/python3.13/site-packages/transformers/__init__.py", line 862, in _getattr
    return getattr(importlib.import_module(target, __name__), name)
                   ~~~~~~~~~~~~~~~~~~~~~~~^^^^^^^^^^^^^^^^^^
  File "/opt/homebrew/Caskroom/miniconda/base/lib/python3.13/importlib/__init__.py", line 88, in import_module
    return _bootstrap._gcd_import(name[level:], package, level)
           ~~~~~~~~~~~~~~~~~~~~~~^^^^^^^^^^^^^^^^^^^^^^^^^^^^^^
  File "<frozen importlib._bootstrap>", line 1387, in _gcd_import
  File "<frozen importlib._bootstrap>", line 1360, in _find_and_load
  File "<frozen importlib._bootstrap>", line 1331, in _find_and_load_unlocked
  File "<frozen importlib._bootstrap>", line 935, in _load_unlocked
  File "<frozen importlib._bootstrap_external>", line 1023, in exec_module
  File "<frozen importlib._bootstrap>", line 488, in _call_with_frames_removed
  File "/Users/bhuvanachandra/Desktop/iitj_chat_bot/.iitj/lib/python3.13/site-packages/transformers/models/ovis2/image_processing_ovis2.py", line 19, in <module>
    from torchvision.transforms.v2 import functional as tvF
ModuleNotFoundError: No module named 'torchvision'
2026-07-26 00:26:58.375 Examining the path of transformers.models.owlv2.image_processing_owlv2_fast raised:
Traceback (most recent call last):
  File "/Users/bhuvanachandra/Desktop/iitj_chat_bot/.iitj/lib/python3.13/site-packages/streamlit/watcher/local_sources_watcher.py", line 330, in get_module_paths
    potential_paths = extract_paths(module)
  File "/Users/bhuvanachandra/Desktop/iitj_chat_bot/.iitj/lib/python3.13/site-packages/streamlit/watcher/local_sources_watcher.py", line 317, in <lambda>
    if hasattr(m, "__path__")
       ~~~~~~~^^^^^^^^^^^^^^^
  File "/Users/bhuvanachandra/Desktop/iitj_chat_bot/.iitj/lib/python3.13/site-packages/transformers/__init__.py", line 862, in _getattr
    return getattr(importlib.import_module(target, __name__), name)
                   ~~~~~~~~~~~~~~~~~~~~~~~^^^^^^^^^^^^^^^^^^
  File "/opt/homebrew/Caskroom/miniconda/base/lib/python3.13/importlib/__init__.py", line 88, in import_module
    return _bootstrap._gcd_import(name[level:], package, level)
           ~~~~~~~~~~~~~~~~~~~~~~^^^^^^^^^^^^^^^^^^^^^^^^^^^^^^
  File "<frozen importlib._bootstrap>", line 1387, in _gcd_import
  File "<frozen importlib._bootstrap>", line 1360, in _find_and_load
  File "<frozen importlib._bootstrap>", line 1331, in _find_and_load_unlocked
  File "<frozen importlib._bootstrap>", line 935, in _load_unlocked
  File "<frozen importlib._bootstrap_external>", line 1023, in exec_module
  File "<frozen importlib._bootstrap>", line 488, in _call_with_frames_removed
  File "/Users/bhuvanachandra/Desktop/iitj_chat_bot/.iitj/lib/python3.13/site-packages/transformers/models/owlv2/image_processing_owlv2.py", line 25, in <module>
    import torchvision.transforms.v2.functional as tvF
ModuleNotFoundError: No module named 'torchvision'
2026-07-26 00:26:58.383 Examining the path of transformers.models.perceiver.image_processing_perceiver_fast raised:
Traceback (most recent call last):
  File "/Users/bhuvanachandra/Desktop/iitj_chat_bot/.iitj/lib/python3.13/site-packages/streamlit/watcher/local_sources_watcher.py", line 330, in get_module_paths
    potential_paths = extract_paths(module)
  File "/Users/bhuvanachandra/Desktop/iitj_chat_bot/.iitj/lib/python3.13/site-packages/streamlit/watcher/local_sources_watcher.py", line 317, in <lambda>
    if hasattr(m, "__path__")
       ~~~~~~~^^^^^^^^^^^^^^^
  File "/Users/bhuvanachandra/Desktop/iitj_chat_bot/.iitj/lib/python3.13/site-packages/transformers/__init__.py", line 862, in _getattr
    return getattr(importlib.import_module(target, __name__), name)
                   ~~~~~~~~~~~~~~~~~~~~~~~^^^^^^^^^^^^^^^^^^
  File "/opt/homebrew/Caskroom/miniconda/base/lib/python3.13/importlib/__init__.py", line 88, in import_module
    return _bootstrap._gcd_import(name[level:], package, level)
           ~~~~~~~~~~~~~~~~~~~~~~^^^^^^^^^^^^^^^^^^^^^^^^^^^^^^
  File "<frozen importlib._bootstrap>", line 1387, in _gcd_import
  File "<frozen importlib._bootstrap>", line 1360, in _find_and_load
  File "<frozen importlib._bootstrap>", line 1331, in _find_and_load_unlocked
  File "<frozen importlib._bootstrap>", line 935, in _load_unlocked
  File "<frozen importlib._bootstrap_external>", line 1023, in exec_module
  File "<frozen importlib._bootstrap>", line 488, in _call_with_frames_removed
  File "/Users/bhuvanachandra/Desktop/iitj_chat_bot/.iitj/lib/python3.13/site-packages/transformers/models/perceiver/image_processing_perceiver.py", line 17, in <module>
    from torchvision.transforms.v2 import functional as tvF
ModuleNotFoundError: No module named 'torchvision'
2026-07-26 00:26:58.384 Examining the path of transformers.models.perception_lm.image_processing_perception_lm_fast raised:
Traceback (most recent call last):
  File "/Users/bhuvanachandra/Desktop/iitj_chat_bot/.iitj/lib/python3.13/site-packages/streamlit/watcher/local_sources_watcher.py", line 330, in get_module_paths
    potential_paths = extract_paths(module)
  File "/Users/bhuvanachandra/Desktop/iitj_chat_bot/.iitj/lib/python3.13/site-packages/streamlit/watcher/local_sources_watcher.py", line 317, in <lambda>
    if hasattr(m, "__path__")
       ~~~~~~~^^^^^^^^^^^^^^^
  File "/Users/bhuvanachandra/Desktop/iitj_chat_bot/.iitj/lib/python3.13/site-packages/transformers/__init__.py", line 862, in _getattr
    return getattr(importlib.import_module(target, __name__), name)
                   ~~~~~~~~~~~~~~~~~~~~~~~^^^^^^^^^^^^^^^^^^
  File "/opt/homebrew/Caskroom/miniconda/base/lib/python3.13/importlib/__init__.py", line 88, in import_module
    return _bootstrap._gcd_import(name[level:], package, level)
           ~~~~~~~~~~~~~~~~~~~~~~^^^^^^^^^^^^^^^^^^^^^^^^^^^^^^
  File "<frozen importlib._bootstrap>", line 1387, in _gcd_import
  File "<frozen importlib._bootstrap>", line 1360, in _find_and_load
  File "<frozen importlib._bootstrap>", line 1331, in _find_and_load_unlocked
  File "<frozen importlib._bootstrap>", line 935, in _load_unlocked
  File "<frozen importlib._bootstrap_external>", line 1023, in exec_module
  File "<frozen importlib._bootstrap>", line 488, in _call_with_frames_removed
  File "/Users/bhuvanachandra/Desktop/iitj_chat_bot/.iitj/lib/python3.13/site-packages/transformers/models/perception_lm/image_processing_perception_lm.py", line 19, in <module>
    from torchvision.transforms.v2 import functional as tvF
ModuleNotFoundError: No module named 'torchvision'
2026-07-26 00:26:58.385 Examining the path of transformers.models.phi4_multimodal.image_processing_phi4_multimodal_fast raised:
Traceback (most recent call last):
  File "/Users/bhuvanachandra/Desktop/iitj_chat_bot/.iitj/lib/python3.13/site-packages/streamlit/watcher/local_sources_watcher.py", line 330, in get_module_paths
    potential_paths = extract_paths(module)
  File "/Users/bhuvanachandra/Desktop/iitj_chat_bot/.iitj/lib/python3.13/site-packages/streamlit/watcher/local_sources_watcher.py", line 317, in <lambda>
    if hasattr(m, "__path__")
       ~~~~~~~^^^^^^^^^^^^^^^
  File "/Users/bhuvanachandra/Desktop/iitj_chat_bot/.iitj/lib/python3.13/site-packages/transformers/__init__.py", line 862, in _getattr
    return getattr(importlib.import_module(target, __name__), name)
                   ~~~~~~~~~~~~~~~~~~~~~~~^^^^^^^^^^^^^^^^^^
  File "/opt/homebrew/Caskroom/miniconda/base/lib/python3.13/importlib/__init__.py", line 88, in import_module
    return _bootstrap._gcd_import(name[level:], package, level)
           ~~~~~~~~~~~~~~~~~~~~~~^^^^^^^^^^^^^^^^^^^^^^^^^^^^^^
  File "<frozen importlib._bootstrap>", line 1387, in _gcd_import
  File "<frozen importlib._bootstrap>", line 1360, in _find_and_load
  File "<frozen importlib._bootstrap>", line 1331, in _find_and_load_unlocked
  File "<frozen importlib._bootstrap>", line 935, in _load_unlocked
  File "<frozen importlib._bootstrap_external>", line 1023, in exec_module
  File "<frozen importlib._bootstrap>", line 488, in _call_with_frames_removed
  File "/Users/bhuvanachandra/Desktop/iitj_chat_bot/.iitj/lib/python3.13/site-packages/transformers/models/phi4_multimodal/image_processing_phi4_multimodal.py", line 19, in <module>
    from torchvision.transforms.v2 import functional as tvF
ModuleNotFoundError: No module named 'torchvision'
2026-07-26 00:26:58.391 Examining the path of transformers.models.pix2struct.image_processing_pix2struct_fast raised:
Traceback (most recent call last):
  File "/Users/bhuvanachandra/Desktop/iitj_chat_bot/.iitj/lib/python3.13/site-packages/streamlit/watcher/local_sources_watcher.py", line 330, in get_module_paths
    potential_paths = extract_paths(module)
  File "/Users/bhuvanachandra/Desktop/iitj_chat_bot/.iitj/lib/python3.13/site-packages/streamlit/watcher/local_sources_watcher.py", line 317, in <lambda>
    if hasattr(m, "__path__")
       ~~~~~~~^^^^^^^^^^^^^^^
  File "/Users/bhuvanachandra/Desktop/iitj_chat_bot/.iitj/lib/python3.13/site-packages/transformers/__init__.py", line 862, in _getattr
    return getattr(importlib.import_module(target, __name__), name)
                   ~~~~~~~~~~~~~~~~~~~~~~~^^^^^^^^^^^^^^^^^^
  File "/opt/homebrew/Caskroom/miniconda/base/lib/python3.13/importlib/__init__.py", line 88, in import_module
    return _bootstrap._gcd_import(name[level:], package, level)
           ~~~~~~~~~~~~~~~~~~~~~~^^^^^^^^^^^^^^^^^^^^^^^^^^^^^^
  File "<frozen importlib._bootstrap>", line 1387, in _gcd_import
  File "<frozen importlib._bootstrap>", line 1360, in _find_and_load
  File "<frozen importlib._bootstrap>", line 1331, in _find_and_load_unlocked
  File "<frozen importlib._bootstrap>", line 935, in _load_unlocked
  File "<frozen importlib._bootstrap_external>", line 1023, in exec_module
  File "<frozen importlib._bootstrap>", line 488, in _call_with_frames_removed
  File "/Users/bhuvanachandra/Desktop/iitj_chat_bot/.iitj/lib/python3.13/site-packages/transformers/models/pix2struct/image_processing_pix2struct.py", line 21, in <module>
    import torchvision.transforms.v2.functional as tvF
ModuleNotFoundError: No module named 'torchvision'
2026-07-26 00:26:58.393 Examining the path of transformers.models.pixtral.image_processing_pixtral_fast raised:
Traceback (most recent call last):
  File "/Users/bhuvanachandra/Desktop/iitj_chat_bot/.iitj/lib/python3.13/site-packages/streamlit/watcher/local_sources_watcher.py", line 330, in get_module_paths
    potential_paths = extract_paths(module)
  File "/Users/bhuvanachandra/Desktop/iitj_chat_bot/.iitj/lib/python3.13/site-packages/streamlit/watcher/local_sources_watcher.py", line 317, in <lambda>
    if hasattr(m, "__path__")
       ~~~~~~~^^^^^^^^^^^^^^^
  File "/Users/bhuvanachandra/Desktop/iitj_chat_bot/.iitj/lib/python3.13/site-packages/transformers/__init__.py", line 862, in _getattr
    return getattr(importlib.import_module(target, __name__), name)
                   ~~~~~~~~~~~~~~~~~~~~~~~^^^^^^^^^^^^^^^^^^
  File "/opt/homebrew/Caskroom/miniconda/base/lib/python3.13/importlib/__init__.py", line 88, in import_module
    return _bootstrap._gcd_import(name[level:], package, level)
           ~~~~~~~~~~~~~~~~~~~~~~^^^^^^^^^^^^^^^^^^^^^^^^^^^^^^
  File "<frozen importlib._bootstrap>", line 1387, in _gcd_import
  File "<frozen importlib._bootstrap>", line 1360, in _find_and_load
  File "<frozen importlib._bootstrap>", line 1331, in _find_and_load_unlocked
  File "<frozen importlib._bootstrap>", line 935, in _load_unlocked
  File "<frozen importlib._bootstrap_external>", line 1023, in exec_module
  File "<frozen importlib._bootstrap>", line 488, in _call_with_frames_removed
  File "/Users/bhuvanachandra/Desktop/iitj_chat_bot/.iitj/lib/python3.13/site-packages/transformers/models/pixtral/image_processing_pixtral.py", line 19, in <module>
    from torchvision.transforms.v2 import functional as tvF
ModuleNotFoundError: No module named 'torchvision'
2026-07-26 00:26:58.394 Examining the path of transformers.models.poolformer.image_processing_poolformer_fast raised:
Traceback (most recent call last):
  File "/Users/bhuvanachandra/Desktop/iitj_chat_bot/.iitj/lib/python3.13/site-packages/streamlit/watcher/local_sources_watcher.py", line 330, in get_module_paths
    potential_paths = extract_paths(module)
  File "/Users/bhuvanachandra/Desktop/iitj_chat_bot/.iitj/lib/python3.13/site-packages/streamlit/watcher/local_sources_watcher.py", line 317, in <lambda>
    if hasattr(m, "__path__")
       ~~~~~~~^^^^^^^^^^^^^^^
  File "/Users/bhuvanachandra/Desktop/iitj_chat_bot/.iitj/lib/python3.13/site-packages/transformers/__init__.py", line 862, in _getattr
    return getattr(importlib.import_module(target, __name__), name)
                   ~~~~~~~~~~~~~~~~~~~~~~~^^^^^^^^^^^^^^^^^^
  File "/opt/homebrew/Caskroom/miniconda/base/lib/python3.13/importlib/__init__.py", line 88, in import_module
    return _bootstrap._gcd_import(name[level:], package, level)
           ~~~~~~~~~~~~~~~~~~~~~~^^^^^^^^^^^^^^^^^^^^^^^^^^^^^^
  File "<frozen importlib._bootstrap>", line 1387, in _gcd_import
  File "<frozen importlib._bootstrap>", line 1360, in _find_and_load
  File "<frozen importlib._bootstrap>", line 1331, in _find_and_load_unlocked
  File "<frozen importlib._bootstrap>", line 935, in _load_unlocked
  File "<frozen importlib._bootstrap_external>", line 1023, in exec_module
  File "<frozen importlib._bootstrap>", line 488, in _call_with_frames_removed
  File "/Users/bhuvanachandra/Desktop/iitj_chat_bot/.iitj/lib/python3.13/site-packages/transformers/models/poolformer/image_processing_poolformer.py", line 17, in <module>
    from torchvision.transforms.v2 import functional as tvF
ModuleNotFoundError: No module named 'torchvision'
2026-07-26 00:26:58.396 Examining the path of transformers.models.pp_doclayout_v2.image_processing_pp_doclayout_v2_fast raised:
Traceback (most recent call last):
  File "/Users/bhuvanachandra/Desktop/iitj_chat_bot/.iitj/lib/python3.13/site-packages/streamlit/watcher/local_sources_watcher.py", line 330, in get_module_paths
    potential_paths = extract_paths(module)
  File "/Users/bhuvanachandra/Desktop/iitj_chat_bot/.iitj/lib/python3.13/site-packages/streamlit/watcher/local_sources_watcher.py", line 317, in <lambda>
    if hasattr(m, "__path__")
       ~~~~~~~^^^^^^^^^^^^^^^
  File "/Users/bhuvanachandra/Desktop/iitj_chat_bot/.iitj/lib/python3.13/site-packages/transformers/__init__.py", line 862, in _getattr
    return getattr(importlib.import_module(target, __name__), name)
                   ~~~~~~~~~~~~~~~~~~~~~~~^^^^^^^^^^^^^^^^^^
  File "/opt/homebrew/Caskroom/miniconda/base/lib/python3.13/importlib/__init__.py", line 88, in import_module
    return _bootstrap._gcd_import(name[level:], package, level)
           ~~~~~~~~~~~~~~~~~~~~~~^^^^^^^^^^^^^^^^^^^^^^^^^^^^^^
  File "<frozen importlib._bootstrap>", line 1387, in _gcd_import
  File "<frozen importlib._bootstrap>", line 1360, in _find_and_load
  File "<frozen importlib._bootstrap>", line 1331, in _find_and_load_unlocked
  File "<frozen importlib._bootstrap>", line 935, in _load_unlocked
  File "<frozen importlib._bootstrap_external>", line 1023, in exec_module
  File "<frozen importlib._bootstrap>", line 488, in _call_with_frames_removed
  File "/Users/bhuvanachandra/Desktop/iitj_chat_bot/.iitj/lib/python3.13/site-packages/transformers/models/pp_doclayout_v2/image_processing_pp_doclayout_v2.py", line 23, in <module>
    from torchvision.transforms.v2 import functional as tvF
ModuleNotFoundError: No module named 'torchvision'
2026-07-26 00:26:58.398 Examining the path of transformers.models.pp_doclayout_v3.image_processing_pp_doclayout_v3_fast raised:
Traceback (most recent call last):
  File "/Users/bhuvanachandra/Desktop/iitj_chat_bot/.iitj/lib/python3.13/site-packages/streamlit/watcher/local_sources_watcher.py", line 330, in get_module_paths
    potential_paths = extract_paths(module)
  File "/Users/bhuvanachandra/Desktop/iitj_chat_bot/.iitj/lib/python3.13/site-packages/streamlit/watcher/local_sources_watcher.py", line 317, in <lambda>
    if hasattr(m, "__path__")
       ~~~~~~~^^^^^^^^^^^^^^^
  File "/Users/bhuvanachandra/Desktop/iitj_chat_bot/.iitj/lib/python3.13/site-packages/transformers/__init__.py", line 862, in _getattr
    return getattr(importlib.import_module(target, __name__), name)
                   ~~~~~~~~~~~~~~~~~~~~~~~^^^^^^^^^^^^^^^^^^
  File "/opt/homebrew/Caskroom/miniconda/base/lib/python3.13/importlib/__init__.py", line 88, in import_module
    return _bootstrap._gcd_import(name[level:], package, level)
           ~~~~~~~~~~~~~~~~~~~~~~^^^^^^^^^^^^^^^^^^^^^^^^^^^^^^
  File "<frozen importlib._bootstrap>", line 1387, in _gcd_import
  File "<frozen importlib._bootstrap>", line 1360, in _find_and_load
  File "<frozen importlib._bootstrap>", line 1331, in _find_and_load_unlocked
  File "<frozen importlib._bootstrap>", line 935, in _load_unlocked
  File "<frozen importlib._bootstrap_external>", line 1023, in exec_module
  File "<frozen importlib._bootstrap>", line 488, in _call_with_frames_removed
  File "/Users/bhuvanachandra/Desktop/iitj_chat_bot/.iitj/lib/python3.13/site-packages/transformers/models/pp_doclayout_v3/image_processing_pp_doclayout_v3.py", line 24, in <module>
    from torchvision.transforms.v2 import functional as tvF
ModuleNotFoundError: No module named 'torchvision'
2026-07-26 00:26:58.399 Examining the path of transformers.models.pp_formulanet.image_processing_pp_formulanet_fast raised:
Traceback (most recent call last):
  File "/Users/bhuvanachandra/Desktop/iitj_chat_bot/.iitj/lib/python3.13/site-packages/streamlit/watcher/local_sources_watcher.py", line 330, in get_module_paths
    potential_paths = extract_paths(module)
  File "/Users/bhuvanachandra/Desktop/iitj_chat_bot/.iitj/lib/python3.13/site-packages/streamlit/watcher/local_sources_watcher.py", line 317, in <lambda>
    if hasattr(m, "__path__")
       ~~~~~~~^^^^^^^^^^^^^^^
  File "/Users/bhuvanachandra/Desktop/iitj_chat_bot/.iitj/lib/python3.13/site-packages/transformers/__init__.py", line 862, in _getattr
    return getattr(importlib.import_module(target, __name__), name)
                   ~~~~~~~~~~~~~~~~~~~~~~~^^^^^^^^^^^^^^^^^^
  File "/opt/homebrew/Caskroom/miniconda/base/lib/python3.13/importlib/__init__.py", line 88, in import_module
    return _bootstrap._gcd_import(name[level:], package, level)
           ~~~~~~~~~~~~~~~~~~~~~~^^^^^^^^^^^^^^^^^^^^^^^^^^^^^^
  File "<frozen importlib._bootstrap>", line 1387, in _gcd_import
  File "<frozen importlib._bootstrap>", line 1360, in _find_and_load
  File "<frozen importlib._bootstrap>", line 1331, in _find_and_load_unlocked
  File "<frozen importlib._bootstrap>", line 935, in _load_unlocked
  File "<frozen importlib._bootstrap_external>", line 1023, in exec_module
  File "<frozen importlib._bootstrap>", line 488, in _call_with_frames_removed
  File "/Users/bhuvanachandra/Desktop/iitj_chat_bot/.iitj/lib/python3.13/site-packages/transformers/models/pp_formulanet/image_processing_pp_formulanet.py", line 23, in <module>
    from torchvision.transforms.v2 import functional as tvF
ModuleNotFoundError: No module named 'torchvision'
2026-07-26 00:26:58.400 Examining the path of transformers.models.pp_lcnet.image_processing_pp_lcnet_fast raised:
Traceback (most recent call last):
  File "/Users/bhuvanachandra/Desktop/iitj_chat_bot/.iitj/lib/python3.13/site-packages/streamlit/watcher/local_sources_watcher.py", line 330, in get_module_paths
    potential_paths = extract_paths(module)
  File "/Users/bhuvanachandra/Desktop/iitj_chat_bot/.iitj/lib/python3.13/site-packages/streamlit/watcher/local_sources_watcher.py", line 317, in <lambda>
    if hasattr(m, "__path__")
       ~~~~~~~^^^^^^^^^^^^^^^
  File "/Users/bhuvanachandra/Desktop/iitj_chat_bot/.iitj/lib/python3.13/site-packages/transformers/__init__.py", line 862, in _getattr
    return getattr(importlib.import_module(target, __name__), name)
                   ~~~~~~~~~~~~~~~~~~~~~~~^^^^^^^^^^^^^^^^^^
  File "/opt/homebrew/Caskroom/miniconda/base/lib/python3.13/importlib/__init__.py", line 88, in import_module
    return _bootstrap._gcd_import(name[level:], package, level)
           ~~~~~~~~~~~~~~~~~~~~~~^^^^^^^^^^^^^^^^^^^^^^^^^^^^^^
  File "<frozen importlib._bootstrap>", line 1387, in _gcd_import
  File "<frozen importlib._bootstrap>", line 1360, in _find_and_load
  File "<frozen importlib._bootstrap>", line 1331, in _find_and_load_unlocked
  File "<frozen importlib._bootstrap>", line 935, in _load_unlocked
  File "<frozen importlib._bootstrap_external>", line 1023, in exec_module
  File "<frozen importlib._bootstrap>", line 488, in _call_with_frames_removed
  File "/Users/bhuvanachandra/Desktop/iitj_chat_bot/.iitj/lib/python3.13/site-packages/transformers/models/pp_lcnet/image_processing_pp_lcnet.py", line 24, in <module>
    import torchvision.transforms.v2.functional as tvF
ModuleNotFoundError: No module named 'torchvision'
2026-07-26 00:26:58.401 Examining the path of transformers.models.pp_ocrv5_server_det.image_processing_pp_ocrv5_server_det_fast raised:
Traceback (most recent call last):
  File "/Users/bhuvanachandra/Desktop/iitj_chat_bot/.iitj/lib/python3.13/site-packages/streamlit/watcher/local_sources_watcher.py", line 330, in get_module_paths
    potential_paths = extract_paths(module)
  File "/Users/bhuvanachandra/Desktop/iitj_chat_bot/.iitj/lib/python3.13/site-packages/streamlit/watcher/local_sources_watcher.py", line 317, in <lambda>
    if hasattr(m, "__path__")
       ~~~~~~~^^^^^^^^^^^^^^^
  File "/Users/bhuvanachandra/Desktop/iitj_chat_bot/.iitj/lib/python3.13/site-packages/transformers/__init__.py", line 862, in _getattr
    return getattr(importlib.import_module(target, __name__), name)
                   ~~~~~~~~~~~~~~~~~~~~~~~^^^^^^^^^^^^^^^^^^
  File "/opt/homebrew/Caskroom/miniconda/base/lib/python3.13/importlib/__init__.py", line 88, in import_module
    return _bootstrap._gcd_import(name[level:], package, level)
           ~~~~~~~~~~~~~~~~~~~~~~^^^^^^^^^^^^^^^^^^^^^^^^^^^^^^
  File "<frozen importlib._bootstrap>", line 1387, in _gcd_import
  File "<frozen importlib._bootstrap>", line 1360, in _find_and_load
  File "<frozen importlib._bootstrap>", line 1331, in _find_and_load_unlocked
  File "<frozen importlib._bootstrap>", line 935, in _load_unlocked
  File "<frozen importlib._bootstrap_external>", line 1023, in exec_module
  File "<frozen importlib._bootstrap>", line 488, in _call_with_frames_removed
  File "/Users/bhuvanachandra/Desktop/iitj_chat_bot/.iitj/lib/python3.13/site-packages/transformers/models/pp_ocrv5_server_det/image_processing_pp_ocrv5_server_det.py", line 25, in <module>
    import torchvision.transforms.v2.functional as tvF
ModuleNotFoundError: No module named 'torchvision'
2026-07-26 00:26:58.402 Examining the path of transformers.models.pp_ocrv5_server_rec.image_processing_pp_ocrv5_server_rec_fast raised:
Traceback (most recent call last):
  File "/Users/bhuvanachandra/Desktop/iitj_chat_bot/.iitj/lib/python3.13/site-packages/streamlit/watcher/local_sources_watcher.py", line 330, in get_module_paths
    potential_paths = extract_paths(module)
  File "/Users/bhuvanachandra/Desktop/iitj_chat_bot/.iitj/lib/python3.13/site-packages/streamlit/watcher/local_sources_watcher.py", line 317, in <lambda>
    if hasattr(m, "__path__")
       ~~~~~~~^^^^^^^^^^^^^^^
  File "/Users/bhuvanachandra/Desktop/iitj_chat_bot/.iitj/lib/python3.13/site-packages/transformers/__init__.py", line 862, in _getattr
    return getattr(importlib.import_module(target, __name__), name)
                   ~~~~~~~~~~~~~~~~~~~~~~~^^^^^^^^^^^^^^^^^^
  File "/opt/homebrew/Caskroom/miniconda/base/lib/python3.13/importlib/__init__.py", line 88, in import_module
    return _bootstrap._gcd_import(name[level:], package, level)
           ~~~~~~~~~~~~~~~~~~~~~~^^^^^^^^^^^^^^^^^^^^^^^^^^^^^^
  File "<frozen importlib._bootstrap>", line 1387, in _gcd_import
  File "<frozen importlib._bootstrap>", line 1360, in _find_and_load
  File "<frozen importlib._bootstrap>", line 1331, in _find_and_load_unlocked
  File "<frozen importlib._bootstrap>", line 935, in _load_unlocked
  File "<frozen importlib._bootstrap_external>", line 1023, in exec_module
  File "<frozen importlib._bootstrap>", line 488, in _call_with_frames_removed
  File "/Users/bhuvanachandra/Desktop/iitj_chat_bot/.iitj/lib/python3.13/site-packages/transformers/models/pp_ocrv5_server_rec/image_processing_pp_ocrv5_server_rec.py", line 24, in <module>
    import torchvision.transforms.v2.functional as tvF
ModuleNotFoundError: No module named 'torchvision'
2026-07-26 00:26:58.403 Examining the path of transformers.models.pp_ocrv6_small_rec.image_processing_pp_ocrv6_small_rec_fast raised:
Traceback (most recent call last):
  File "/Users/bhuvanachandra/Desktop/iitj_chat_bot/.iitj/lib/python3.13/site-packages/streamlit/watcher/local_sources_watcher.py", line 330, in get_module_paths
    potential_paths = extract_paths(module)
  File "/Users/bhuvanachandra/Desktop/iitj_chat_bot/.iitj/lib/python3.13/site-packages/streamlit/watcher/local_sources_watcher.py", line 317, in <lambda>
    if hasattr(m, "__path__")
       ~~~~~~~^^^^^^^^^^^^^^^
  File "/Users/bhuvanachandra/Desktop/iitj_chat_bot/.iitj/lib/python3.13/site-packages/transformers/__init__.py", line 862, in _getattr
    return getattr(importlib.import_module(target, __name__), name)
                   ~~~~~~~~~~~~~~~~~~~~~~~^^^^^^^^^^^^^^^^^^
  File "/opt/homebrew/Caskroom/miniconda/base/lib/python3.13/importlib/__init__.py", line 88, in import_module
    return _bootstrap._gcd_import(name[level:], package, level)
           ~~~~~~~~~~~~~~~~~~~~~~^^^^^^^^^^^^^^^^^^^^^^^^^^^^^^
  File "<frozen importlib._bootstrap>", line 1387, in _gcd_import
  File "<frozen importlib._bootstrap>", line 1360, in _find_and_load
  File "<frozen importlib._bootstrap>", line 1331, in _find_and_load_unlocked
  File "<frozen importlib._bootstrap>", line 935, in _load_unlocked
  File "<frozen importlib._bootstrap_external>", line 1023, in exec_module
  File "<frozen importlib._bootstrap>", line 488, in _call_with_frames_removed
  File "/Users/bhuvanachandra/Desktop/iitj_chat_bot/.iitj/lib/python3.13/site-packages/transformers/models/pp_ocrv6_small_rec/image_processing_pp_ocrv6_small_rec.py", line 24, in <module>
    import torchvision.transforms.v2.functional as tvF
ModuleNotFoundError: No module named 'torchvision'
2026-07-26 00:26:58.406 Examining the path of transformers.models.prompt_depth_anything.image_processing_prompt_depth_anything_fast raised:
Traceback (most recent call last):
  File "/Users/bhuvanachandra/Desktop/iitj_chat_bot/.iitj/lib/python3.13/site-packages/streamlit/watcher/local_sources_watcher.py", line 330, in get_module_paths
    potential_paths = extract_paths(module)
  File "/Users/bhuvanachandra/Desktop/iitj_chat_bot/.iitj/lib/python3.13/site-packages/streamlit/watcher/local_sources_watcher.py", line 317, in <lambda>
    if hasattr(m, "__path__")
       ~~~~~~~^^^^^^^^^^^^^^^
  File "/Users/bhuvanachandra/Desktop/iitj_chat_bot/.iitj/lib/python3.13/site-packages/transformers/__init__.py", line 862, in _getattr
    return getattr(importlib.import_module(target, __name__), name)
                   ~~~~~~~~~~~~~~~~~~~~~~~^^^^^^^^^^^^^^^^^^
  File "/opt/homebrew/Caskroom/miniconda/base/lib/python3.13/importlib/__init__.py", line 88, in import_module
    return _bootstrap._gcd_import(name[level:], package, level)
           ~~~~~~~~~~~~~~~~~~~~~~^^^^^^^^^^^^^^^^^^^^^^^^^^^^^^
  File "<frozen importlib._bootstrap>", line 1387, in _gcd_import
  File "<frozen importlib._bootstrap>", line 1360, in _find_and_load
  File "<frozen importlib._bootstrap>", line 1331, in _find_and_load_unlocked
  File "<frozen importlib._bootstrap>", line 935, in _load_unlocked
  File "<frozen importlib._bootstrap_external>", line 1023, in exec_module
  File "<frozen importlib._bootstrap>", line 488, in _call_with_frames_removed
  File "/Users/bhuvanachandra/Desktop/iitj_chat_bot/.iitj/lib/python3.13/site-packages/transformers/models/prompt_depth_anything/image_processing_prompt_depth_anything.py", line 42, in <module>
    from torchvision.transforms.v2 import functional as tvF
ModuleNotFoundError: No module named 'torchvision'
2026-07-26 00:26:58.413 Examining the path of transformers.models.qwen2_vl.image_processing_qwen2_vl_fast raised:
Traceback (most recent call last):
  File "/Users/bhuvanachandra/Desktop/iitj_chat_bot/.iitj/lib/python3.13/site-packages/streamlit/watcher/local_sources_watcher.py", line 330, in get_module_paths
    potential_paths = extract_paths(module)
  File "/Users/bhuvanachandra/Desktop/iitj_chat_bot/.iitj/lib/python3.13/site-packages/streamlit/watcher/local_sources_watcher.py", line 317, in <lambda>
    if hasattr(m, "__path__")
       ~~~~~~~^^^^^^^^^^^^^^^
  File "/Users/bhuvanachandra/Desktop/iitj_chat_bot/.iitj/lib/python3.13/site-packages/transformers/__init__.py", line 862, in _getattr
    return getattr(importlib.import_module(target, __name__), name)
                   ~~~~~~~~~~~~~~~~~~~~~~~^^^^^^^^^^^^^^^^^^
  File "/opt/homebrew/Caskroom/miniconda/base/lib/python3.13/importlib/__init__.py", line 88, in import_module
    return _bootstrap._gcd_import(name[level:], package, level)
           ~~~~~~~~~~~~~~~~~~~~~~^^^^^^^^^^^^^^^^^^^^^^^^^^^^^^
  File "<frozen importlib._bootstrap>", line 1387, in _gcd_import
  File "<frozen importlib._bootstrap>", line 1360, in _find_and_load
  File "<frozen importlib._bootstrap>", line 1331, in _find_and_load_unlocked
  File "<frozen importlib._bootstrap>", line 935, in _load_unlocked
  File "<frozen importlib._bootstrap_external>", line 1023, in exec_module
  File "<frozen importlib._bootstrap>", line 488, in _call_with_frames_removed
  File "/Users/bhuvanachandra/Desktop/iitj_chat_bot/.iitj/lib/python3.13/site-packages/transformers/models/qwen2_vl/image_processing_qwen2_vl.py", line 25, in <module>
    from torchvision.transforms.v2 import functional as tvF
ModuleNotFoundError: No module named 'torchvision'
2026-07-26 00:26:58.415 Examining the path of transformers.models.rf_detr.image_processing_rf_detr_fast raised:
Traceback (most recent call last):
  File "/Users/bhuvanachandra/Desktop/iitj_chat_bot/.iitj/lib/python3.13/site-packages/streamlit/watcher/local_sources_watcher.py", line 330, in get_module_paths
    potential_paths = extract_paths(module)
  File "/Users/bhuvanachandra/Desktop/iitj_chat_bot/.iitj/lib/python3.13/site-packages/streamlit/watcher/local_sources_watcher.py", line 317, in <lambda>
    if hasattr(m, "__path__")
       ~~~~~~~^^^^^^^^^^^^^^^
  File "/Users/bhuvanachandra/Desktop/iitj_chat_bot/.iitj/lib/python3.13/site-packages/transformers/__init__.py", line 862, in _getattr
    return getattr(importlib.import_module(target, __name__), name)
                   ~~~~~~~~~~~~~~~~~~~~~~~^^^^^^^^^^^^^^^^^^
  File "/opt/homebrew/Caskroom/miniconda/base/lib/python3.13/importlib/__init__.py", line 88, in import_module
    return _bootstrap._gcd_import(name[level:], package, level)
           ~~~~~~~~~~~~~~~~~~~~~~^^^^^^^^^^^^^^^^^^^^^^^^^^^^^^
  File "<frozen importlib._bootstrap>", line 1387, in _gcd_import
  File "<frozen importlib._bootstrap>", line 1360, in _find_and_load
  File "<frozen importlib._bootstrap>", line 1331, in _find_and_load_unlocked
  File "<frozen importlib._bootstrap>", line 935, in _load_unlocked
  File "<frozen importlib._bootstrap_external>", line 1023, in exec_module
  File "<frozen importlib._bootstrap>", line 488, in _call_with_frames_removed
  File "/Users/bhuvanachandra/Desktop/iitj_chat_bot/.iitj/lib/python3.13/site-packages/transformers/models/rf_detr/image_processing_rf_detr.py", line 26, in <module>
    from torchvision.transforms.v2 import functional as tvF
ModuleNotFoundError: No module named 'torchvision'
2026-07-26 00:26:58.420 Examining the path of transformers.models.rt_detr.image_processing_rt_detr_fast raised:
Traceback (most recent call last):
  File "/Users/bhuvanachandra/Desktop/iitj_chat_bot/.iitj/lib/python3.13/site-packages/streamlit/watcher/local_sources_watcher.py", line 330, in get_module_paths
    potential_paths = extract_paths(module)
  File "/Users/bhuvanachandra/Desktop/iitj_chat_bot/.iitj/lib/python3.13/site-packages/streamlit/watcher/local_sources_watcher.py", line 317, in <lambda>
    if hasattr(m, "__path__")
       ~~~~~~~^^^^^^^^^^^^^^^
  File "/Users/bhuvanachandra/Desktop/iitj_chat_bot/.iitj/lib/python3.13/site-packages/transformers/__init__.py", line 862, in _getattr
    return getattr(importlib.import_module(target, __name__), name)
                   ~~~~~~~~~~~~~~~~~~~~~~~^^^^^^^^^^^^^^^^^^
  File "/opt/homebrew/Caskroom/miniconda/base/lib/python3.13/importlib/__init__.py", line 88, in import_module
    return _bootstrap._gcd_import(name[level:], package, level)
           ~~~~~~~~~~~~~~~~~~~~~~^^^^^^^^^^^^^^^^^^^^^^^^^^^^^^
  File "<frozen importlib._bootstrap>", line 1387, in _gcd_import
  File "<frozen importlib._bootstrap>", line 1360, in _find_and_load
  File "<frozen importlib._bootstrap>", line 1331, in _find_and_load_unlocked
  File "<frozen importlib._bootstrap>", line 935, in _load_unlocked
  File "<frozen importlib._bootstrap_external>", line 1023, in exec_module
  File "<frozen importlib._bootstrap>", line 488, in _call_with_frames_removed
  File "/Users/bhuvanachandra/Desktop/iitj_chat_bot/.iitj/lib/python3.13/site-packages/transformers/models/rt_detr/image_processing_rt_detr.py", line 24, in <module>
    from torchvision.transforms.v2 import functional as tvF
ModuleNotFoundError: No module named 'torchvision'
2026-07-26 00:26:58.425 Examining the path of transformers.models.sam.image_processing_sam_fast raised:
Traceback (most recent call last):
  File "/Users/bhuvanachandra/Desktop/iitj_chat_bot/.iitj/lib/python3.13/site-packages/streamlit/watcher/local_sources_watcher.py", line 330, in get_module_paths
    potential_paths = extract_paths(module)
  File "/Users/bhuvanachandra/Desktop/iitj_chat_bot/.iitj/lib/python3.13/site-packages/streamlit/watcher/local_sources_watcher.py", line 317, in <lambda>
    if hasattr(m, "__path__")
       ~~~~~~~^^^^^^^^^^^^^^^
  File "/Users/bhuvanachandra/Desktop/iitj_chat_bot/.iitj/lib/python3.13/site-packages/transformers/__init__.py", line 862, in _getattr
    return getattr(importlib.import_module(target, __name__), name)
                   ~~~~~~~~~~~~~~~~~~~~~~~^^^^^^^^^^^^^^^^^^
  File "/opt/homebrew/Caskroom/miniconda/base/lib/python3.13/importlib/__init__.py", line 88, in import_module
    return _bootstrap._gcd_import(name[level:], package, level)
           ~~~~~~~~~~~~~~~~~~~~~~^^^^^^^^^^^^^^^^^^^^^^^^^^^^^^
  File "<frozen importlib._bootstrap>", line 1387, in _gcd_import
  File "<frozen importlib._bootstrap>", line 1360, in _find_and_load
  File "<frozen importlib._bootstrap>", line 1331, in _find_and_load_unlocked
  File "<frozen importlib._bootstrap>", line 935, in _load_unlocked
  File "<frozen importlib._bootstrap_external>", line 1023, in exec_module
  File "<frozen importlib._bootstrap>", line 488, in _call_with_frames_removed
  File "/Users/bhuvanachandra/Desktop/iitj_chat_bot/.iitj/lib/python3.13/site-packages/transformers/models/sam/image_processing_sam.py", line 25, in <module>
    from torchvision.ops.boxes import batched_nms
ModuleNotFoundError: No module named 'torchvision'
2026-07-26 00:26:58.427 Examining the path of transformers.models.sam2.image_processing_sam2_fast raised:
Traceback (most recent call last):
  File "/Users/bhuvanachandra/Desktop/iitj_chat_bot/.iitj/lib/python3.13/site-packages/streamlit/watcher/local_sources_watcher.py", line 330, in get_module_paths
    potential_paths = extract_paths(module)
  File "/Users/bhuvanachandra/Desktop/iitj_chat_bot/.iitj/lib/python3.13/site-packages/streamlit/watcher/local_sources_watcher.py", line 317, in <lambda>
    if hasattr(m, "__path__")
       ~~~~~~~^^^^^^^^^^^^^^^
  File "/Users/bhuvanachandra/Desktop/iitj_chat_bot/.iitj/lib/python3.13/site-packages/transformers/__init__.py", line 862, in _getattr
    return getattr(importlib.import_module(target, __name__), name)
                   ~~~~~~~~~~~~~~~~~~~~~~~^^^^^^^^^^^^^^^^^^
  File "/opt/homebrew/Caskroom/miniconda/base/lib/python3.13/importlib/__init__.py", line 88, in import_module
    return _bootstrap._gcd_import(name[level:], package, level)
           ~~~~~~~~~~~~~~~~~~~~~~^^^^^^^^^^^^^^^^^^^^^^^^^^^^^^
  File "<frozen importlib._bootstrap>", line 1387, in _gcd_import
  File "<frozen importlib._bootstrap>", line 1360, in _find_and_load
  File "<frozen importlib._bootstrap>", line 1331, in _find_and_load_unlocked
  File "<frozen importlib._bootstrap>", line 935, in _load_unlocked
  File "<frozen importlib._bootstrap_external>", line 1023, in exec_module
  File "<frozen importlib._bootstrap>", line 488, in _call_with_frames_removed
  File "/Users/bhuvanachandra/Desktop/iitj_chat_bot/.iitj/lib/python3.13/site-packages/transformers/models/sam2/image_processing_sam2.py", line 28, in <module>
    from torchvision.ops.boxes import batched_nms
ModuleNotFoundError: No module named 'torchvision'
2026-07-26 00:26:58.429 Examining the path of transformers.models.sam3.image_processing_sam3_fast raised:
Traceback (most recent call last):
  File "/Users/bhuvanachandra/Desktop/iitj_chat_bot/.iitj/lib/python3.13/site-packages/streamlit/watcher/local_sources_watcher.py", line 330, in get_module_paths
    potential_paths = extract_paths(module)
  File "/Users/bhuvanachandra/Desktop/iitj_chat_bot/.iitj/lib/python3.13/site-packages/streamlit/watcher/local_sources_watcher.py", line 317, in <lambda>
    if hasattr(m, "__path__")
       ~~~~~~~^^^^^^^^^^^^^^^
  File "/Users/bhuvanachandra/Desktop/iitj_chat_bot/.iitj/lib/python3.13/site-packages/transformers/__init__.py", line 862, in _getattr
    return getattr(importlib.import_module(target, __name__), name)
                   ~~~~~~~~~~~~~~~~~~~~~~~^^^^^^^^^^^^^^^^^^
  File "/opt/homebrew/Caskroom/miniconda/base/lib/python3.13/importlib/__init__.py", line 88, in import_module
    return _bootstrap._gcd_import(name[level:], package, level)
           ~~~~~~~~~~~~~~~~~~~~~~^^^^^^^^^^^^^^^^^^^^^^^^^^^^^^
  File "<frozen importlib._bootstrap>", line 1387, in _gcd_import
  File "<frozen importlib._bootstrap>", line 1360, in _find_and_load
  File "<frozen importlib._bootstrap>", line 1331, in _find_and_load_unlocked
  File "<frozen importlib._bootstrap>", line 935, in _load_unlocked
  File "<frozen importlib._bootstrap_external>", line 1023, in exec_module
  File "<frozen importlib._bootstrap>", line 488, in _call_with_frames_removed
  File "/Users/bhuvanachandra/Desktop/iitj_chat_bot/.iitj/lib/python3.13/site-packages/transformers/models/sam3/image_processing_sam3.py", line 30, in <module>
    from torchvision.ops.boxes import batched_nms
ModuleNotFoundError: No module named 'torchvision'
2026-07-26 00:26:58.431 Examining the path of transformers.models.sapiens2.image_processing_sapiens2_fast raised:
Traceback (most recent call last):
  File "/Users/bhuvanachandra/Desktop/iitj_chat_bot/.iitj/lib/python3.13/site-packages/streamlit/watcher/local_sources_watcher.py", line 330, in get_module_paths
    potential_paths = extract_paths(module)
  File "/Users/bhuvanachandra/Desktop/iitj_chat_bot/.iitj/lib/python3.13/site-packages/streamlit/watcher/local_sources_watcher.py", line 317, in <lambda>
    if hasattr(m, "__path__")
       ~~~~~~~^^^^^^^^^^^^^^^
  File "/Users/bhuvanachandra/Desktop/iitj_chat_bot/.iitj/lib/python3.13/site-packages/transformers/__init__.py", line 862, in _getattr
    return getattr(importlib.import_module(target, __name__), name)
                   ~~~~~~~~~~~~~~~~~~~~~~~^^^^^^^^^^^^^^^^^^
  File "/opt/homebrew/Caskroom/miniconda/base/lib/python3.13/importlib/__init__.py", line 88, in import_module
    return _bootstrap._gcd_import(name[level:], package, level)
           ~~~~~~~~~~~~~~~~~~~~~~^^^^^^^^^^^^^^^^^^^^^^^^^^^^^^
  File "<frozen importlib._bootstrap>", line 1387, in _gcd_import
  File "<frozen importlib._bootstrap>", line 1360, in _find_and_load
  File "<frozen importlib._bootstrap>", line 1331, in _find_and_load_unlocked
  File "<frozen importlib._bootstrap>", line 935, in _load_unlocked
  File "<frozen importlib._bootstrap_external>", line 1023, in exec_module
  File "<frozen importlib._bootstrap>", line 488, in _call_with_frames_removed
  File "/Users/bhuvanachandra/Desktop/iitj_chat_bot/.iitj/lib/python3.13/site-packages/transformers/models/sapiens2/image_processing_sapiens2.py", line 23, in <module>
    from torchvision.transforms.v2 import functional as tvF
ModuleNotFoundError: No module named 'torchvision'
2026-07-26 00:26:58.433 Examining the path of transformers.models.segformer.image_processing_segformer_fast raised:
Traceback (most recent call last):
  File "/Users/bhuvanachandra/Desktop/iitj_chat_bot/.iitj/lib/python3.13/site-packages/streamlit/watcher/local_sources_watcher.py", line 330, in get_module_paths
    potential_paths = extract_paths(module)
  File "/Users/bhuvanachandra/Desktop/iitj_chat_bot/.iitj/lib/python3.13/site-packages/streamlit/watcher/local_sources_watcher.py", line 317, in <lambda>
    if hasattr(m, "__path__")
       ~~~~~~~^^^^^^^^^^^^^^^
  File "/Users/bhuvanachandra/Desktop/iitj_chat_bot/.iitj/lib/python3.13/site-packages/transformers/__init__.py", line 862, in _getattr
    return getattr(importlib.import_module(target, __name__), name)
                   ~~~~~~~~~~~~~~~~~~~~~~~^^^^^^^^^^^^^^^^^^
  File "/opt/homebrew/Caskroom/miniconda/base/lib/python3.13/importlib/__init__.py", line 88, in import_module
    return _bootstrap._gcd_import(name[level:], package, level)
           ~~~~~~~~~~~~~~~~~~~~~~^^^^^^^^^^^^^^^^^^^^^^^^^^^^^^
  File "<frozen importlib._bootstrap>", line 1387, in _gcd_import
  File "<frozen importlib._bootstrap>", line 1360, in _find_and_load
  File "<frozen importlib._bootstrap>", line 1331, in _find_and_load_unlocked
  File "<frozen importlib._bootstrap>", line 935, in _load_unlocked
  File "<frozen importlib._bootstrap_external>", line 1023, in exec_module
  File "<frozen importlib._bootstrap>", line 488, in _call_with_frames_removed
  File "/Users/bhuvanachandra/Desktop/iitj_chat_bot/.iitj/lib/python3.13/site-packages/transformers/models/segformer/image_processing_segformer.py", line 25, in <module>
    import torchvision.transforms.v2.functional as tvF
ModuleNotFoundError: No module named 'torchvision'
2026-07-26 00:26:58.437 Examining the path of transformers.models.seggpt.image_processing_seggpt_fast raised:
Traceback (most recent call last):
  File "/Users/bhuvanachandra/Desktop/iitj_chat_bot/.iitj/lib/python3.13/site-packages/streamlit/watcher/local_sources_watcher.py", line 330, in get_module_paths
    potential_paths = extract_paths(module)
  File "/Users/bhuvanachandra/Desktop/iitj_chat_bot/.iitj/lib/python3.13/site-packages/streamlit/watcher/local_sources_watcher.py", line 317, in <lambda>
    if hasattr(m, "__path__")
       ~~~~~~~^^^^^^^^^^^^^^^
  File "/Users/bhuvanachandra/Desktop/iitj_chat_bot/.iitj/lib/python3.13/site-packages/transformers/__init__.py", line 862, in _getattr
    return getattr(importlib.import_module(target, __name__), name)
                   ~~~~~~~~~~~~~~~~~~~~~~~^^^^^^^^^^^^^^^^^^
  File "/opt/homebrew/Caskroom/miniconda/base/lib/python3.13/importlib/__init__.py", line 88, in import_module
    return _bootstrap._gcd_import(name[level:], package, level)
           ~~~~~~~~~~~~~~~~~~~~~~^^^^^^^^^^^^^^^^^^^^^^^^^^^^^^
  File "<frozen importlib._bootstrap>", line 1387, in _gcd_import
  File "<frozen importlib._bootstrap>", line 1360, in _find_and_load
  File "<frozen importlib._bootstrap>", line 1331, in _find_and_load_unlocked
  File "<frozen importlib._bootstrap>", line 935, in _load_unlocked
  File "<frozen importlib._bootstrap_external>", line 1023, in exec_module
  File "<frozen importlib._bootstrap>", line 488, in _call_with_frames_removed
  File "/Users/bhuvanachandra/Desktop/iitj_chat_bot/.iitj/lib/python3.13/site-packages/transformers/models/seggpt/image_processing_seggpt.py", line 20, in <module>
    from torchvision.transforms.v2 import functional as tvF
ModuleNotFoundError: No module named 'torchvision'
2026-07-26 00:26:58.441 Examining the path of transformers.models.siglip2.image_processing_siglip2_fast raised:
Traceback (most recent call last):
  File "/Users/bhuvanachandra/Desktop/iitj_chat_bot/.iitj/lib/python3.13/site-packages/streamlit/watcher/local_sources_watcher.py", line 330, in get_module_paths
    potential_paths = extract_paths(module)
  File "/Users/bhuvanachandra/Desktop/iitj_chat_bot/.iitj/lib/python3.13/site-packages/streamlit/watcher/local_sources_watcher.py", line 317, in <lambda>
    if hasattr(m, "__path__")
       ~~~~~~~^^^^^^^^^^^^^^^
  File "/Users/bhuvanachandra/Desktop/iitj_chat_bot/.iitj/lib/python3.13/site-packages/transformers/__init__.py", line 862, in _getattr
    return getattr(importlib.import_module(target, __name__), name)
                   ~~~~~~~~~~~~~~~~~~~~~~~^^^^^^^^^^^^^^^^^^
  File "/opt/homebrew/Caskroom/miniconda/base/lib/python3.13/importlib/__init__.py", line 88, in import_module
    return _bootstrap._gcd_import(name[level:], package, level)
           ~~~~~~~~~~~~~~~~~~~~~~^^^^^^^^^^^^^^^^^^^^^^^^^^^^^^
  File "<frozen importlib._bootstrap>", line 1387, in _gcd_import
  File "<frozen importlib._bootstrap>", line 1360, in _find_and_load
  File "<frozen importlib._bootstrap>", line 1331, in _find_and_load_unlocked
  File "<frozen importlib._bootstrap>", line 935, in _load_unlocked
  File "<frozen importlib._bootstrap_external>", line 1023, in exec_module
  File "<frozen importlib._bootstrap>", line 488, in _call_with_frames_removed
  File "/Users/bhuvanachandra/Desktop/iitj_chat_bot/.iitj/lib/python3.13/site-packages/transformers/models/siglip2/image_processing_siglip2.py", line 17, in <module>
    from torchvision.transforms.v2 import functional as tvF
ModuleNotFoundError: No module named 'torchvision'
2026-07-26 00:26:58.442 Examining the path of transformers.models.slanext.image_processing_slanext_fast raised:
Traceback (most recent call last):
  File "/Users/bhuvanachandra/Desktop/iitj_chat_bot/.iitj/lib/python3.13/site-packages/streamlit/watcher/local_sources_watcher.py", line 330, in get_module_paths
    potential_paths = extract_paths(module)
  File "/Users/bhuvanachandra/Desktop/iitj_chat_bot/.iitj/lib/python3.13/site-packages/streamlit/watcher/local_sources_watcher.py", line 317, in <lambda>
    if hasattr(m, "__path__")
       ~~~~~~~^^^^^^^^^^^^^^^
  File "/Users/bhuvanachandra/Desktop/iitj_chat_bot/.iitj/lib/python3.13/site-packages/transformers/__init__.py", line 862, in _getattr
    return getattr(importlib.import_module(target, __name__), name)
                   ~~~~~~~~~~~~~~~~~~~~~~~^^^^^^^^^^^^^^^^^^
  File "/opt/homebrew/Caskroom/miniconda/base/lib/python3.13/importlib/__init__.py", line 88, in import_module
    return _bootstrap._gcd_import(name[level:], package, level)
           ~~~~~~~~~~~~~~~~~~~~~~^^^^^^^^^^^^^^^^^^^^^^^^^^^^^^
  File "<frozen importlib._bootstrap>", line 1387, in _gcd_import
  File "<frozen importlib._bootstrap>", line 1360, in _find_and_load
  File "<frozen importlib._bootstrap>", line 1331, in _find_and_load_unlocked
  File "<frozen importlib._bootstrap>", line 935, in _load_unlocked
  File "<frozen importlib._bootstrap_external>", line 1023, in exec_module
  File "<frozen importlib._bootstrap>", line 488, in _call_with_frames_removed
  File "/Users/bhuvanachandra/Desktop/iitj_chat_bot/.iitj/lib/python3.13/site-packages/transformers/models/slanext/image_processing_slanext.py", line 23, in <module>
    import torchvision.transforms.v2.functional as tvF
ModuleNotFoundError: No module named 'torchvision'
2026-07-26 00:26:58.446 Examining the path of transformers.models.smolvlm.image_processing_smolvlm_fast raised:
Traceback (most recent call last):
  File "/Users/bhuvanachandra/Desktop/iitj_chat_bot/.iitj/lib/python3.13/site-packages/streamlit/watcher/local_sources_watcher.py", line 330, in get_module_paths
    potential_paths = extract_paths(module)
  File "/Users/bhuvanachandra/Desktop/iitj_chat_bot/.iitj/lib/python3.13/site-packages/streamlit/watcher/local_sources_watcher.py", line 317, in <lambda>
    if hasattr(m, "__path__")
       ~~~~~~~^^^^^^^^^^^^^^^
  File "/Users/bhuvanachandra/Desktop/iitj_chat_bot/.iitj/lib/python3.13/site-packages/transformers/__init__.py", line 862, in _getattr
    return getattr(importlib.import_module(target, __name__), name)
                   ~~~~~~~~~~~~~~~~~~~~~~~^^^^^^^^^^^^^^^^^^
  File "/opt/homebrew/Caskroom/miniconda/base/lib/python3.13/importlib/__init__.py", line 88, in import_module
    return _bootstrap._gcd_import(name[level:], package, level)
           ~~~~~~~~~~~~~~~~~~~~~~^^^^^^^^^^^^^^^^^^^^^^^^^^^^^^
  File "<frozen importlib._bootstrap>", line 1387, in _gcd_import
  File "<frozen importlib._bootstrap>", line 1360, in _find_and_load
  File "<frozen importlib._bootstrap>", line 1331, in _find_and_load_unlocked
  File "<frozen importlib._bootstrap>", line 935, in _load_unlocked
  File "<frozen importlib._bootstrap_external>", line 1023, in exec_module
  File "<frozen importlib._bootstrap>", line 488, in _call_with_frames_removed
  File "/Users/bhuvanachandra/Desktop/iitj_chat_bot/.iitj/lib/python3.13/site-packages/transformers/models/smolvlm/image_processing_smolvlm.py", line 27, in <module>
    from torchvision.transforms.v2 import functional as tvF
ModuleNotFoundError: No module named 'torchvision'
2026-07-26 00:26:58.449 Examining the path of transformers.models.superglue.image_processing_superglue_fast raised:
Traceback (most recent call last):
  File "/Users/bhuvanachandra/Desktop/iitj_chat_bot/.iitj/lib/python3.13/site-packages/streamlit/watcher/local_sources_watcher.py", line 330, in get_module_paths
    potential_paths = extract_paths(module)
  File "/Users/bhuvanachandra/Desktop/iitj_chat_bot/.iitj/lib/python3.13/site-packages/streamlit/watcher/local_sources_watcher.py", line 317, in <lambda>
    if hasattr(m, "__path__")
       ~~~~~~~^^^^^^^^^^^^^^^
  File "/Users/bhuvanachandra/Desktop/iitj_chat_bot/.iitj/lib/python3.13/site-packages/transformers/__init__.py", line 862, in _getattr
    return getattr(importlib.import_module(target, __name__), name)
                   ~~~~~~~~~~~~~~~~~~~~~~~^^^^^^^^^^^^^^^^^^
  File "/opt/homebrew/Caskroom/miniconda/base/lib/python3.13/importlib/__init__.py", line 88, in import_module
    return _bootstrap._gcd_import(name[level:], package, level)
           ~~~~~~~~~~~~~~~~~~~~~~^^^^^^^^^^^^^^^^^^^^^^^^^^^^^^
  File "<frozen importlib._bootstrap>", line 1387, in _gcd_import
  File "<frozen importlib._bootstrap>", line 1360, in _find_and_load
  File "<frozen importlib._bootstrap>", line 1331, in _find_and_load_unlocked
  File "<frozen importlib._bootstrap>", line 935, in _load_unlocked
  File "<frozen importlib._bootstrap_external>", line 1023, in exec_module
  File "<frozen importlib._bootstrap>", line 488, in _call_with_frames_removed
  File "/Users/bhuvanachandra/Desktop/iitj_chat_bot/.iitj/lib/python3.13/site-packages/transformers/models/superglue/image_processing_superglue.py", line 47, in <module>
    from torchvision.transforms.v2 import functional as tvF
ModuleNotFoundError: No module named 'torchvision'
2026-07-26 00:26:58.449 Examining the path of transformers.models.superpoint.image_processing_superpoint_fast raised:
Traceback (most recent call last):
  File "/Users/bhuvanachandra/Desktop/iitj_chat_bot/.iitj/lib/python3.13/site-packages/streamlit/watcher/local_sources_watcher.py", line 330, in get_module_paths
    potential_paths = extract_paths(module)
  File "/Users/bhuvanachandra/Desktop/iitj_chat_bot/.iitj/lib/python3.13/site-packages/streamlit/watcher/local_sources_watcher.py", line 317, in <lambda>
    if hasattr(m, "__path__")
       ~~~~~~~^^^^^^^^^^^^^^^
  File "/Users/bhuvanachandra/Desktop/iitj_chat_bot/.iitj/lib/python3.13/site-packages/transformers/__init__.py", line 862, in _getattr
    return getattr(importlib.import_module(target, __name__), name)
                   ~~~~~~~~~~~~~~~~~~~~~~~^^^^^^^^^^^^^^^^^^
  File "/opt/homebrew/Caskroom/miniconda/base/lib/python3.13/importlib/__init__.py", line 88, in import_module
    return _bootstrap._gcd_import(name[level:], package, level)
           ~~~~~~~~~~~~~~~~~~~~~~^^^^^^^^^^^^^^^^^^^^^^^^^^^^^^
  File "<frozen importlib._bootstrap>", line 1387, in _gcd_import
  File "<frozen importlib._bootstrap>", line 1360, in _find_and_load
  File "<frozen importlib._bootstrap>", line 1331, in _find_and_load_unlocked
  File "<frozen importlib._bootstrap>", line 935, in _load_unlocked
  File "<frozen importlib._bootstrap_external>", line 1023, in exec_module
  File "<frozen importlib._bootstrap>", line 488, in _call_with_frames_removed
  File "/Users/bhuvanachandra/Desktop/iitj_chat_bot/.iitj/lib/python3.13/site-packages/transformers/models/superpoint/image_processing_superpoint.py", line 31, in <module>
    from torchvision.transforms.v2 import functional as tvF
ModuleNotFoundError: No module named 'torchvision'
2026-07-26 00:26:58.452 Examining the path of transformers.models.swin2sr.image_processing_swin2sr_fast raised:
Traceback (most recent call last):
  File "/Users/bhuvanachandra/Desktop/iitj_chat_bot/.iitj/lib/python3.13/site-packages/streamlit/watcher/local_sources_watcher.py", line 330, in get_module_paths
    potential_paths = extract_paths(module)
  File "/Users/bhuvanachandra/Desktop/iitj_chat_bot/.iitj/lib/python3.13/site-packages/streamlit/watcher/local_sources_watcher.py", line 317, in <lambda>
    if hasattr(m, "__path__")
       ~~~~~~~^^^^^^^^^^^^^^^
  File "/Users/bhuvanachandra/Desktop/iitj_chat_bot/.iitj/lib/python3.13/site-packages/transformers/__init__.py", line 862, in _getattr
    return getattr(importlib.import_module(target, __name__), name)
                   ~~~~~~~~~~~~~~~~~~~~~~~^^^^^^^^^^^^^^^^^^
  File "/opt/homebrew/Caskroom/miniconda/base/lib/python3.13/importlib/__init__.py", line 88, in import_module
    return _bootstrap._gcd_import(name[level:], package, level)
           ~~~~~~~~~~~~~~~~~~~~~~^^^^^^^^^^^^^^^^^^^^^^^^^^^^^^
  File "<frozen importlib._bootstrap>", line 1387, in _gcd_import
  File "<frozen importlib._bootstrap>", line 1360, in _find_and_load
  File "<frozen importlib._bootstrap>", line 1331, in _find_and_load_unlocked
  File "<frozen importlib._bootstrap>", line 935, in _load_unlocked
  File "<frozen importlib._bootstrap_external>", line 1023, in exec_module
  File "<frozen importlib._bootstrap>", line 488, in _call_with_frames_removed
  File "/Users/bhuvanachandra/Desktop/iitj_chat_bot/.iitj/lib/python3.13/site-packages/transformers/models/swin2sr/image_processing_swin2sr.py", line 17, in <module>
    from torchvision.transforms.v2 import functional as tvF
ModuleNotFoundError: No module named 'torchvision'
2026-07-26 00:26:58.455 Examining the path of transformers.models.textnet.image_processing_textnet_fast raised:
Traceback (most recent call last):
  File "/Users/bhuvanachandra/Desktop/iitj_chat_bot/.iitj/lib/python3.13/site-packages/streamlit/watcher/local_sources_watcher.py", line 330, in get_module_paths
    potential_paths = extract_paths(module)
  File "/Users/bhuvanachandra/Desktop/iitj_chat_bot/.iitj/lib/python3.13/site-packages/streamlit/watcher/local_sources_watcher.py", line 317, in <lambda>
    if hasattr(m, "__path__")
       ~~~~~~~^^^^^^^^^^^^^^^
  File "/Users/bhuvanachandra/Desktop/iitj_chat_bot/.iitj/lib/python3.13/site-packages/transformers/__init__.py", line 862, in _getattr
    return getattr(importlib.import_module(target, __name__), name)
                   ~~~~~~~~~~~~~~~~~~~~~~~^^^^^^^^^^^^^^^^^^
  File "/opt/homebrew/Caskroom/miniconda/base/lib/python3.13/importlib/__init__.py", line 88, in import_module
    return _bootstrap._gcd_import(name[level:], package, level)
           ~~~~~~~~~~~~~~~~~~~~~~^^^^^^^^^^^^^^^^^^^^^^^^^^^^^^
  File "<frozen importlib._bootstrap>", line 1387, in _gcd_import
  File "<frozen importlib._bootstrap>", line 1360, in _find_and_load
  File "<frozen importlib._bootstrap>", line 1331, in _find_and_load_unlocked
  File "<frozen importlib._bootstrap>", line 935, in _load_unlocked
  File "<frozen importlib._bootstrap_external>", line 1023, in exec_module
  File "<frozen importlib._bootstrap>", line 488, in _call_with_frames_removed
  File "/Users/bhuvanachandra/Desktop/iitj_chat_bot/.iitj/lib/python3.13/site-packages/transformers/models/textnet/image_processing_textnet.py", line 17, in <module>
    from torchvision.transforms.v2 import functional as tvF
ModuleNotFoundError: No module named 'torchvision'
2026-07-26 00:26:58.459 Examining the path of transformers.models.tvp.image_processing_tvp_fast raised:
Traceback (most recent call last):
  File "/Users/bhuvanachandra/Desktop/iitj_chat_bot/.iitj/lib/python3.13/site-packages/streamlit/watcher/local_sources_watcher.py", line 330, in get_module_paths
    potential_paths = extract_paths(module)
  File "/Users/bhuvanachandra/Desktop/iitj_chat_bot/.iitj/lib/python3.13/site-packages/streamlit/watcher/local_sources_watcher.py", line 317, in <lambda>
    if hasattr(m, "__path__")
       ~~~~~~~^^^^^^^^^^^^^^^
  File "/Users/bhuvanachandra/Desktop/iitj_chat_bot/.iitj/lib/python3.13/site-packages/transformers/__init__.py", line 862, in _getattr
    return getattr(importlib.import_module(target, __name__), name)
                   ~~~~~~~~~~~~~~~~~~~~~~~^^^^^^^^^^^^^^^^^^
  File "/opt/homebrew/Caskroom/miniconda/base/lib/python3.13/importlib/__init__.py", line 88, in import_module
    return _bootstrap._gcd_import(name[level:], package, level)
           ~~~~~~~~~~~~~~~~~~~~~~^^^^^^^^^^^^^^^^^^^^^^^^^^^^^^
  File "<frozen importlib._bootstrap>", line 1387, in _gcd_import
  File "<frozen importlib._bootstrap>", line 1360, in _find_and_load
  File "<frozen importlib._bootstrap>", line 1331, in _find_and_load_unlocked
  File "<frozen importlib._bootstrap>", line 935, in _load_unlocked
  File "<frozen importlib._bootstrap_external>", line 1023, in exec_module
  File "<frozen importlib._bootstrap>", line 488, in _call_with_frames_removed
  File "/Users/bhuvanachandra/Desktop/iitj_chat_bot/.iitj/lib/python3.13/site-packages/transformers/models/tvp/image_processing_tvp.py", line 17, in <module>
    from torchvision.transforms.v2 import functional as tvF
ModuleNotFoundError: No module named 'torchvision'
2026-07-26 00:26:58.468 Examining the path of transformers.models.videomae.image_processing_videomae_fast raised:
Traceback (most recent call last):
  File "/Users/bhuvanachandra/Desktop/iitj_chat_bot/.iitj/lib/python3.13/site-packages/streamlit/watcher/local_sources_watcher.py", line 330, in get_module_paths
    potential_paths = extract_paths(module)
  File "/Users/bhuvanachandra/Desktop/iitj_chat_bot/.iitj/lib/python3.13/site-packages/streamlit/watcher/local_sources_watcher.py", line 317, in <lambda>
    if hasattr(m, "__path__")
       ~~~~~~~^^^^^^^^^^^^^^^
  File "/Users/bhuvanachandra/Desktop/iitj_chat_bot/.iitj/lib/python3.13/site-packages/transformers/__init__.py", line 862, in _getattr
    return getattr(importlib.import_module(target, __name__), name)
                   ~~~~~~~~~~~~~~~~~~~~~~~^^^^^^^^^^^^^^^^^^
  File "/opt/homebrew/Caskroom/miniconda/base/lib/python3.13/importlib/__init__.py", line 88, in import_module
    return _bootstrap._gcd_import(name[level:], package, level)
           ~~~~~~~~~~~~~~~~~~~~~~^^^^^^^^^^^^^^^^^^^^^^^^^^^^^^
  File "<frozen importlib._bootstrap>", line 1387, in _gcd_import
  File "<frozen importlib._bootstrap>", line 1360, in _find_and_load
  File "<frozen importlib._bootstrap>", line 1331, in _find_and_load_unlocked
  File "<frozen importlib._bootstrap>", line 935, in _load_unlocked
  File "<frozen importlib._bootstrap_external>", line 1023, in exec_module
  File "<frozen importlib._bootstrap>", line 488, in _call_with_frames_removed
  File "/Users/bhuvanachandra/Desktop/iitj_chat_bot/.iitj/lib/python3.13/site-packages/transformers/models/videomae/image_processing_videomae.py", line 17, in <module>
    from torchvision.transforms.v2 import functional as tvF
ModuleNotFoundError: No module named 'torchvision'
2026-07-26 00:26:58.470 Examining the path of transformers.models.vilt.image_processing_vilt_fast raised:
Traceback (most recent call last):
  File "/Users/bhuvanachandra/Desktop/iitj_chat_bot/.iitj/lib/python3.13/site-packages/streamlit/watcher/local_sources_watcher.py", line 330, in get_module_paths
    potential_paths = extract_paths(module)
  File "/Users/bhuvanachandra/Desktop/iitj_chat_bot/.iitj/lib/python3.13/site-packages/streamlit/watcher/local_sources_watcher.py", line 317, in <lambda>
    if hasattr(m, "__path__")
       ~~~~~~~^^^^^^^^^^^^^^^
  File "/Users/bhuvanachandra/Desktop/iitj_chat_bot/.iitj/lib/python3.13/site-packages/transformers/__init__.py", line 862, in _getattr
    return getattr(importlib.import_module(target, __name__), name)
                   ~~~~~~~~~~~~~~~~~~~~~~~^^^^^^^^^^^^^^^^^^
  File "/opt/homebrew/Caskroom/miniconda/base/lib/python3.13/importlib/__init__.py", line 88, in import_module
    return _bootstrap._gcd_import(name[level:], package, level)
           ~~~~~~~~~~~~~~~~~~~~~~^^^^^^^^^^^^^^^^^^^^^^^^^^^^^^
  File "<frozen importlib._bootstrap>", line 1387, in _gcd_import
  File "<frozen importlib._bootstrap>", line 1360, in _find_and_load
  File "<frozen importlib._bootstrap>", line 1331, in _find_and_load_unlocked
  File "<frozen importlib._bootstrap>", line 935, in _load_unlocked
  File "<frozen importlib._bootstrap_external>", line 1023, in exec_module
  File "<frozen importlib._bootstrap>", line 488, in _call_with_frames_removed
  File "/Users/bhuvanachandra/Desktop/iitj_chat_bot/.iitj/lib/python3.13/site-packages/transformers/models/vilt/image_processing_vilt.py", line 17, in <module>
    from torchvision.transforms.v2 import functional as tvF
ModuleNotFoundError: No module named 'torchvision'
2026-07-26 00:26:58.474 Examining the path of transformers.models.vitmatte.image_processing_vitmatte_fast raised:
Traceback (most recent call last):
  File "/Users/bhuvanachandra/Desktop/iitj_chat_bot/.iitj/lib/python3.13/site-packages/streamlit/watcher/local_sources_watcher.py", line 330, in get_module_paths
    potential_paths = extract_paths(module)
  File "/Users/bhuvanachandra/Desktop/iitj_chat_bot/.iitj/lib/python3.13/site-packages/streamlit/watcher/local_sources_watcher.py", line 317, in <lambda>
    if hasattr(m, "__path__")
       ~~~~~~~^^^^^^^^^^^^^^^
  File "/Users/bhuvanachandra/Desktop/iitj_chat_bot/.iitj/lib/python3.13/site-packages/transformers/__init__.py", line 862, in _getattr
    return getattr(importlib.import_module(target, __name__), name)
                   ~~~~~~~~~~~~~~~~~~~~~~~^^^^^^^^^^^^^^^^^^
  File "/opt/homebrew/Caskroom/miniconda/base/lib/python3.13/importlib/__init__.py", line 88, in import_module
    return _bootstrap._gcd_import(name[level:], package, level)
           ~~~~~~~~~~~~~~~~~~~~~~^^^^^^^^^^^^^^^^^^^^^^^^^^^^^^
  File "<frozen importlib._bootstrap>", line 1387, in _gcd_import
  File "<frozen importlib._bootstrap>", line 1360, in _find_and_load
  File "<frozen importlib._bootstrap>", line 1331, in _find_and_load_unlocked
  File "<frozen importlib._bootstrap>", line 935, in _load_unlocked
  File "<frozen importlib._bootstrap_external>", line 1023, in exec_module
  File "<frozen importlib._bootstrap>", line 488, in _call_with_frames_removed
  File "/Users/bhuvanachandra/Desktop/iitj_chat_bot/.iitj/lib/python3.13/site-packages/transformers/models/vitmatte/image_processing_vitmatte.py", line 19, in <module>
    from torchvision.transforms.v2 import functional as tvF
ModuleNotFoundError: No module named 'torchvision'
2026-07-26 00:26:58.477 Examining the path of transformers.models.vitpose.image_processing_vitpose_fast raised:
Traceback (most recent call last):
  File "/Users/bhuvanachandra/Desktop/iitj_chat_bot/.iitj/lib/python3.13/site-packages/streamlit/watcher/local_sources_watcher.py", line 330, in get_module_paths
    potential_paths = extract_paths(module)
  File "/Users/bhuvanachandra/Desktop/iitj_chat_bot/.iitj/lib/python3.13/site-packages/streamlit/watcher/local_sources_watcher.py", line 317, in <lambda>
    if hasattr(m, "__path__")
       ~~~~~~~^^^^^^^^^^^^^^^
  File "/Users/bhuvanachandra/Desktop/iitj_chat_bot/.iitj/lib/python3.13/site-packages/transformers/__init__.py", line 862, in _getattr
    return getattr(importlib.import_module(target, __name__), name)
                   ~~~~~~~~~~~~~~~~~~~~~~~^^^^^^^^^^^^^^^^^^
  File "/opt/homebrew/Caskroom/miniconda/base/lib/python3.13/importlib/__init__.py", line 88, in import_module
    return _bootstrap._gcd_import(name[level:], package, level)
           ~~~~~~~~~~~~~~~~~~~~~~^^^^^^^^^^^^^^^^^^^^^^^^^^^^^^
  File "<frozen importlib._bootstrap>", line 1387, in _gcd_import
  File "<frozen importlib._bootstrap>", line 1360, in _find_and_load
  File "<frozen importlib._bootstrap>", line 1331, in _find_and_load_unlocked
  File "<frozen importlib._bootstrap>", line 935, in _load_unlocked
  File "<frozen importlib._bootstrap_external>", line 1023, in exec_module
  File "<frozen importlib._bootstrap>", line 488, in _call_with_frames_removed
  File "/Users/bhuvanachandra/Desktop/iitj_chat_bot/.iitj/lib/python3.13/site-packages/transformers/models/vitpose/image_processing_vitpose.py", line 22, in <module>
    from torchvision.transforms.v2 import functional as tvF
ModuleNotFoundError: No module named 'torchvision'
2026-07-26 00:26:58.481 Examining the path of transformers.models.yolos.image_processing_yolos_fast raised:
Traceback (most recent call last):
  File "/Users/bhuvanachandra/Desktop/iitj_chat_bot/.iitj/lib/python3.13/site-packages/streamlit/watcher/local_sources_watcher.py", line 330, in get_module_paths
    potential_paths = extract_paths(module)
  File "/Users/bhuvanachandra/Desktop/iitj_chat_bot/.iitj/lib/python3.13/site-packages/streamlit/watcher/local_sources_watcher.py", line 317, in <lambda>
    if hasattr(m, "__path__")
       ~~~~~~~^^^^^^^^^^^^^^^
  File "/Users/bhuvanachandra/Desktop/iitj_chat_bot/.iitj/lib/python3.13/site-packages/transformers/__init__.py", line 862, in _getattr
    return getattr(importlib.import_module(target, __name__), name)
                   ~~~~~~~~~~~~~~~~~~~~~~~^^^^^^^^^^^^^^^^^^
  File "/opt/homebrew/Caskroom/miniconda/base/lib/python3.13/importlib/__init__.py", line 88, in import_module
    return _bootstrap._gcd_import(name[level:], package, level)
           ~~~~~~~~~~~~~~~~~~~~~~^^^^^^^^^^^^^^^^^^^^^^^^^^^^^^
  File "<frozen importlib._bootstrap>", line 1387, in _gcd_import
  File "<frozen importlib._bootstrap>", line 1360, in _find_and_load
  File "<frozen importlib._bootstrap>", line 1331, in _find_and_load_unlocked
  File "<frozen importlib._bootstrap>", line 935, in _load_unlocked
  File "<frozen importlib._bootstrap_external>", line 1023, in exec_module
  File "<frozen importlib._bootstrap>", line 488, in _call_with_frames_removed
  File "/Users/bhuvanachandra/Desktop/iitj_chat_bot/.iitj/lib/python3.13/site-packages/transformers/models/yolos/image_processing_yolos.py", line 12, in <module>
    from torchvision.io import read_image
ModuleNotFoundError: No module named 'torchvision'
2026-07-26 00:26:58.485 Examining the path of transformers.models.zoedepth.image_processing_zoedepth_fast raised:
Traceback (most recent call last):
  File "/Users/bhuvanachandra/Desktop/iitj_chat_bot/.iitj/lib/python3.13/site-packages/streamlit/watcher/local_sources_watcher.py", line 330, in get_module_paths
    potential_paths = extract_paths(module)
  File "/Users/bhuvanachandra/Desktop/iitj_chat_bot/.iitj/lib/python3.13/site-packages/streamlit/watcher/local_sources_watcher.py", line 317, in <lambda>
    if hasattr(m, "__path__")
       ~~~~~~~^^^^^^^^^^^^^^^
  File "/Users/bhuvanachandra/Desktop/iitj_chat_bot/.iitj/lib/python3.13/site-packages/transformers/__init__.py", line 862, in _getattr
    return getattr(importlib.import_module(target, __name__), name)
                   ~~~~~~~~~~~~~~~~~~~~~~~^^^^^^^^^^^^^^^^^^
  File "/opt/homebrew/Caskroom/miniconda/base/lib/python3.13/importlib/__init__.py", line 88, in import_module
    return _bootstrap._gcd_import(name[level:], package, level)
           ~~~~~~~~~~~~~~~~~~~~~~^^^^^^^^^^^^^^^^^^^^^^^^^^^^^^
  File "<frozen importlib._bootstrap>", line 1387, in _gcd_import
  File "<frozen importlib._bootstrap>", line 1360, in _find_and_load
  File "<frozen importlib._bootstrap>", line 1331, in _find_and_load_unlocked
  File "<frozen importlib._bootstrap>", line 935, in _load_unlocked
  File "<frozen importlib._bootstrap_external>", line 1023, in exec_module
  File "<frozen importlib._bootstrap>", line 488, in _call_with_frames_removed
  File "/Users/bhuvanachandra/Desktop/iitj_chat_bot/.iitj/lib/python3.13/site-packages/transformers/models/zoedepth/image_processing_zoedepth.py", line 43, in <module>
    from torchvision.transforms.v2 import functional as tvF
ModuleNotFoundError: No module named 'torchvision'
  Stopping...
